2019,3,27,17,25,38,609,4,46.7294654846,-117.0125427246
2019,3,27,17,43,39,475,4,46.7295036315,-117.0121231079
2019,3,27,17,44,48,475,4,46.7295036315,-117.0121231079
2019,3,27,17,45,59,475,4,46.7295036315,-117.0121231079
2019,3,27,17,47,9,475,4,46.7295036315,-117.0121231079
2019,3,27,17,48,19,475,4,46.7295036315,-117.0121231079
2019,3,27,17,49,30,475,4,46.7295036315,-117.0121231079
2019,3,27,17,50,40,475,4,46.7295036315,-117.0121231079
2019,3,27,17,51,50,475,4,46.7295036315,-117.0121231079
2019,3,27,17,53,1,475,4,46.7295036315,-117.0121231079
2019,3,27,17,54,11,475,4,46.7295036315,-117.0121231079
2019,3,27,18,4,25,410,4,46.7295494079,-117.0128326416
2019,3,27,18,5,35,410,4,46.7295494079,-117.0128326416
2019,3,27,18,6,45,410,4,46.7295494079,-117.0128326416
2019,3,27,18,7,56,410,4,46.7295494079,-117.0128326416
2019,3,27,18,9,6,410,4,46.7295494079,-117.0128326416
2019,3,27,18,10,17,410,4,46.7295494079,-117.0128326416
2019,3,27,18,11,27,410,4,46.7295494079,-117.0128326416
2019,3,27,18,12,38,410,4,46.7295494079,-117.0128326416
2019,3,27,18,13,48,410,4,46.7295494079,-117.0128326416
2019,3,27,18,14,58,410,4,46.7295494079,-117.0128326416
2019,3,27,18,16,9,410,4,46.7295494079,-117.0128326416
2019,3,27,18,17,19,410,4,46.7295494079,-117.0128326416
2019,3,27,18,18,30,410,4,46.7295494079,-117.0128326416
2019,3,27,18,19,40,410,4,46.7295494079,-117.0128326416
2019,3,27,18,20,51,410,4,46.7295494079,-117.0128326416
2019,3,27,18,22,1,410,4,46.7295494079,-117.0128326416
2019,3,27,18,23,12,410,4,46.7295494079,-117.0128326416
2019,3,27,18,24,22,410,4,46.7295494079,-117.0128326416
2019,3,27,18,25,32,410,4,46.7295494079,-117.0128326416
2019,3,27,18,26,43,410,4,46.7295494079,-117.0128326416
2019,3,27,18,39,8,504,4,46.7293357849,-117.0114440917
2019,3,27,18,40,18,504,4,46.7293357849,-117.0114440917
2019,3,27,18,41,28,504,4,46.7293357849,-117.0114440917
2019,3,27,18,42,39,504,4,46.7293357849,-117.0114440917
2019,3,27,18,43,49,504,4,46.7293357849,-117.0114440917
2019,3,27,18,45,0,504,4,46.7293357849,-117.0114440917
2019,3,27,18,46,10,504,4,46.7293357849,-117.0114440917
2019,3,27,18,47,21,504,4,46.7293357849,-117.0114440917
2019,3,27,18,48,31,504,4,46.7293357849,-117.0114440917
2019,3,27,18,49,41,504,4,46.7293357849,-117.0114440917
2019,3,27,18,50,52,504,4,46.7293357849,-117.0114440917
2019,3,27,18,52,2,504,4,46.7293357849,-117.0114440917
2019,3,27,18,53,13,504,4,46.7293357849,-117.0114440917
2019,3,27,18,54,23,504,4,46.7293357849,-117.0114440917
2019,3,27,18,55,34,504,4,46.7293357849,-117.0114440917
2019,3,27,18,56,44,504,4,46.7293357849,-117.0114440917
2019,3,27,18,57,55,504,4,46.7293357849,-117.0114440917
2019,3,27,18,59,5,504,4,46.7293357849,-117.0114440917
2019,3,27,19,0,16,504,4,46.7293357849,-117.0114440917
2019,3,27,19,0,16,504,4,46.7293357849,-117.0114440917
2019,3,27,19,0,16,504,4,46.7293357849,-117.0114440917
2019,3,27,19,0,16,504,4,46.7293357849,-117.0114440917
2019,3,28,23,50,28,267,4,46.7294425964,-117.0122375488
2019,3,28,23,51,38,267,4,46.7294425964,-117.0122375488
2019,3,28,23,52,48,267,4,46.7294425964,-117.0122375488
2019,3,28,23,53,59,267,4,46.7294425964,-117.0122375488
2019,3,28,23,55,9,267,4,46.7294425964,-117.0122375488
2019,3,28,23,56,19,267,4,46.7294425964,-117.0122375488
2019,3,28,23,57,30,267,4,46.7294425964,-117.0122375488
2019,3,28,23,58,40,267,4,46.7294425964,-117.0122375488
2019,3,28,23,59,51,267,4,46.7294425964,-117.0122375488
2019,3,29,0,1,1,267,4,46.7294425964,-117.0122375488
2019,3,29,0,2,12,267,4,46.7294425964,-117.0122375488
2019,3,29,0,3,22,267,4,46.7294425964,-117.0122375488
2019,3,29,0,4,32,267,4,46.7294425964,-117.0122375488
2019,3,29,0,5,43,267,4,46.7294425964,-117.0122375488
2019,3,29,0,6,53,267,4,46.7294425964,-117.0122375488
2019,3,29,0,8,4,267,4,46.7294425964,-117.0122375488
2019,3,29,0,9,14,267,4,46.7294425964,-117.0122375488
2019,3,29,0,10,24,267,4,46.7294425964,-117.0122375488
2019,3,29,0,11,35,267,4,46.7294425964,-117.0122375488
2019,3,29,0,12,45,267,4,46.7294425964,-117.0122375488
2019,3,29,0,13,56,267,4,46.7294425964,-117.0122375488
2019,3,29,0,15,6,267,4,46.7294425964,-117.0122375488
2019,3,29,0,16,16,267,4,46.7294425964,-117.0122375488
2019,3,29,0,17,27,267,4,46.7294425964,-117.0122375488
2019,3,29,0,18,37,267,4,46.7294425964,-117.0122375488
2019,3,29,0,19,48,267,4,46.7294425964,-117.0122375488
2019,3,29,0,20,58,267,4,46.7294425964,-117.0122375488
2019,3,29,0,22,8,267,4,46.7294425964,-117.0122375488
2019,3,29,0,23,19,267,4,46.7294425964,-117.0122375488
2019,3,29,0,24,29,267,4,46.7294425964,-117.0122375488
2019,3,29,0,25,40,267,4,46.7294425964,-117.0122375488
2019,3,29,0,26,50,267,4,46.7294425964,-117.0122375488
2019,3,29,0,28,1,267,4,46.7294425964,-117.0122375488
2019,3,29,0,29,11,267,4,46.7294425964,-117.0122375488
2019,3,29,0,30,21,267,4,46.7294425964,-117.0122375488
2019,3,29,0,31,32,267,4,46.7294425964,-117.0122375488
2019,3,29,0,32,42,267,4,46.7294425964,-117.0122375488
2019,3,29,0,33,53,267,4,46.7294425964,-117.0122375488
2019,3,29,0,35,3,267,4,46.7294425964,-117.0122375488
2019,3,29,0,36,14,267,4,46.7294425964,-117.0122375488
2019,3,29,0,37,24,267,4,46.7294425964,-117.0122375488
2019,3,29,0,38,34,267,4,46.7294425964,-117.0122375488
2019,3,29,0,39,45,267,4,46.7294425964,-117.0122375488
2019,3,29,0,40,55,267,4,46.7294425964,-117.0122375488
2019,3,29,0,42,6,267,4,46.7294425964,-117.0122375488
2019,3,29,0,43,16,267,4,46.7294425964,-117.0122375488
2019,3,29,0,44,27,267,4,46.7294425964,-117.0122375488
2019,3,29,0,45,37,267,4,46.7294425964,-117.0122375488
2019,3,29,0,46,47,267,4,46.7294425964,-117.0122375488
2019,3,29,0,47,58,267,4,46.7294425964,-117.0122375488
2019,3,29,0,49,8,267,4,46.7294425964,-117.0122375488
2019,3,29,0,50,19,267,4,46.7294425964,-117.0122375488
2019,3,29,0,51,29,267,4,46.7294425964,-117.0122375488
2019,3,29,0,52,39,267,4,46.7294425964,-117.0122375488
2019,3,29,0,53,50,267,4,46.7294425964,-117.0122375488
2019,3,29,0,55,0,267,4,46.7294425964,-117.0122375488
2019,3,29,0,56,11,267,4,46.7294425964,-117.0122375488
2019,3,29,0,57,21,267,4,46.7294425964,-117.0122375488
2019,3,29,0,58,31,267,4,46.7294425964,-117.0122375488
2019,3,29,0,59,42,267,4,46.7294425964,-117.0122375488
2019,3,29,1,0,52,267,4,46.7294425964,-117.0122375488
2019,3,29,1,2,3,267,4,46.7294425964,-117.0122375488
2019,3,29,1,3,13,267,4,46.7294425964,-117.0122375488
2019,3,29,1,4,23,267,4,46.7294425964,-117.0122375488
2019,3,29,1,5,34,267,4,46.7294425964,-117.0122375488
2019,3,29,1,6,44,267,4,46.7294425964,-117.0122375488
2019,3,29,1,7,55,267,4,46.7294425964,-117.0122375488
2019,3,29,1,9,5,267,4,46.7294425964,-117.0122375488
2019,3,29,1,10,15,267,4,46.7294425964,-117.0122375488
2019,3,29,1,11,26,267,4,46.7294425964,-117.0122375488
2019,3,29,1,12,36,267,4,46.7294425964,-117.0122375488
2019,3,29,1,13,47,267,4,46.7294425964,-117.0122375488
2019,3,29,1,14,57,267,4,46.7294425964,-117.0122375488
2019,3,29,1,16,7,267,4,46.7294425964,-117.0122375488
2019,3,29,1,17,18,267,4,46.7294425964,-117.0122375488
2019,3,29,1,18,28,267,4,46.7294425964,-117.0122375488
2019,3,29,1,19,39,267,4,46.7294425964,-117.0122375488
2019,3,29,1,20,49,267,4,46.7294425964,-117.0122375488
2019,3,29,1,21,59,267,4,46.7294425964,-117.0122375488
2019,3,29,1,23,10,267,4,46.7294425964,-117.0122375488
2019,3,29,1,24,20,267,4,46.7294425964,-117.0122375488
2019,3,29,1,25,31,267,4,46.7294425964,-117.0122375488
2019,3,29,1,26,41,267,4,46.7294425964,-117.0122375488
2019,3,29,1,27,51,267,4,46.7294425964,-117.0122375488
2019,3,29,1,29,2,267,4,46.7294425964,-117.0122375488
2019,3,29,1,30,12,267,4,46.7294425964,-117.0122375488
2019,3,29,1,31,23,267,4,46.7294425964,-117.0122375488
2019,3,29,1,32,33,267,4,46.7294425964,-117.0122375488
2019,3,29,1,33,44,267,4,46.7294425964,-117.0122375488
2019,3,29,1,34,54,267,4,46.7294425964,-117.0122375488
2019,3,29,1,36,4,267,4,46.7294425964,-117.0122375488
2019,3,29,1,37,15,267,4,46.7294425964,-117.0122375488
2019,3,29,1,38,25,267,4,46.7294425964,-117.0122375488
2019,3,29,1,39,36,267,4,46.7294425964,-117.0122375488
2019,3,29,1,40,46,267,4,46.7294425964,-117.0122375488
2019,3,29,1,41,56,267,4,46.7294425964,-117.0122375488
2019,3,29,1,43,7,267,4,46.7294425964,-117.0122375488
2019,3,29,1,44,17,267,4,46.7294425964,-117.0122375488
2019,3,29,1,45,28,267,4,46.7294425964,-117.0122375488
2019,3,29,1,46,38,267,4,46.7294425964,-117.0122375488
2019,3,29,1,47,49,267,4,46.7294425964,-117.0122375488
2019,3,29,1,48,59,267,4,46.7294425964,-117.0122375488
2019,3,29,1,50,9,267,4,46.7294425964,-117.0122375488
2019,3,29,1,51,20,267,4,46.7294425964,-117.0122375488
2019,3,29,1,52,30,267,4,46.7294425964,-117.0122375488
2019,3,29,1,53,41,267,4,46.7294425964,-117.0122375488
2019,3,29,1,54,51,267,4,46.7294425964,-117.0122375488
2019,3,29,1,56,1,267,4,46.7294425964,-117.0122375488
2019,3,29,1,57,12,267,4,46.7294425964,-117.0122375488
2019,3,29,1,58,22,267,4,46.7294425964,-117.0122375488
2019,3,29,1,59,33,267,4,46.7294425964,-117.0122375488
2019,3,29,2,0,43,267,4,46.7294425964,-117.0122375488
2019,3,29,2,1,54,267,4,46.7294425964,-117.0122375488
2019,3,29,2,3,4,267,4,46.7294425964,-117.0122375488
2019,3,29,2,4,14,267,4,46.7294425964,-117.0122375488
2019,3,29,2,5,25,267,4,46.7294425964,-117.0122375488
2019,3,29,2,6,35,267,4,46.7294425964,-117.0122375488
2019,3,29,2,7,45,267,4,46.7294425964,-117.0122375488
2019,3,29,2,8,56,267,4,46.7294425964,-117.0122375488
2019,3,29,2,10,6,267,4,46.7294425964,-117.0122375488
2019,3,29,2,11,17,267,4,46.7294425964,-117.0122375488
2019,3,29,2,12,27,267,4,46.7294425964,-117.0122375488
2019,3,29,2,13,37,267,4,46.7294425964,-117.0122375488
2019,3,29,2,14,48,267,4,46.7294425964,-117.0122375488
2019,3,29,2,15,58,267,4,46.7294425964,-117.0122375488
2019,3,29,2,17,8,267,4,46.7294425964,-117.0122375488
2019,3,29,2,18,19,267,4,46.7294425964,-117.0122375488
2019,3,29,2,19,29,267,4,46.7294425964,-117.0122375488
2019,3,29,2,20,40,267,4,46.7294425964,-117.0122375488
2019,3,29,2,21,50,267,4,46.7294425964,-117.0122375488
2019,3,29,2,23,0,267,4,46.7294425964,-117.0122375488
2019,3,29,2,24,11,267,4,46.7294425964,-117.0122375488
2019,3,29,2,25,21,267,4,46.7294425964,-117.0122375488
2019,3,29,2,26,31,267,4,46.7294425964,-117.0122375488
2019,3,29,2,27,42,267,4,46.7294425964,-117.0122375488
2019,3,29,2,28,52,267,4,46.7294425964,-117.0122375488
2019,3,29,2,30,3,267,4,46.7294425964,-117.0122375488
2019,3,29,2,31,13,267,4,46.7294425964,-117.0122375488
2019,3,29,2,32,24,267,4,46.7294425964,-117.0122375488
2019,3,29,2,33,34,267,4,46.7294425964,-117.0122375488
2019,3,29,2,34,44,267,4,46.7294425964,-117.0122375488
2019,3,29,2,35,55,267,4,46.7294425964,-117.0122375488
2019,3,29,2,37,5,267,4,46.7294425964,-117.0122375488
2019,3,29,2,38,16,267,4,46.7294425964,-117.0122375488
2019,3,29,2,39,26,267,4,46.7294425964,-117.0122375488
2019,3,29,2,40,36,267,4,46.7294425964,-117.0122375488
2019,3,29,2,41,47,267,4,46.7294425964,-117.0122375488
2019,3,29,2,42,57,267,4,46.7294425964,-117.0122375488
2019,3,29,2,44,8,267,4,46.7294425964,-117.0122375488
2019,3,29,2,45,18,267,4,46.7294425964,-117.0122375488
2019,3,29,2,46,28,267,4,46.7294425964,-117.0122375488
2019,3,29,2,47,39,267,4,46.7294425964,-117.0122375488
2019,3,29,2,48,49,267,4,46.7294425964,-117.0122375488
2019,3,29,2,49,59,267,4,46.7294425964,-117.0122375488
2019,3,29,2,51,10,267,4,46.7294425964,-117.0122375488
2019,3,29,2,52,20,267,4,46.7294425964,-117.0122375488
2019,3,29,2,53,31,267,4,46.7294425964,-117.0122375488
2019,3,29,2,54,41,267,4,46.7294425964,-117.0122375488
2019,3,29,2,55,51,267,4,46.7294425964,-117.0122375488
2019,3,29,2,57,2,267,4,46.7294425964,-117.0122375488
2019,3,29,2,58,12,267,4,46.7294425964,-117.0122375488
2019,3,29,2,59,22,267,4,46.7294425964,-117.0122375488
2019,3,29,3,0,33,267,4,46.7294425964,-117.0122375488
2019,3,29,3,1,43,267,4,46.7294425964,-117.0122375488
2019,3,29,3,2,54,267,4,46.7294425964,-117.0122375488
2019,3,29,3,4,4,267,4,46.7294425964,-117.0122375488
2019,3,29,3,5,15,267,4,46.7294425964,-117.0122375488
2019,3,29,3,6,25,267,4,46.7294425964,-117.0122375488
2019,3,29,3,7,35,267,4,46.7294425964,-117.0122375488
2019,3,29,3,8,46,267,4,46.7294425964,-117.0122375488
2019,3,29,3,9,56,267,4,46.7294425964,-117.0122375488
2019,3,29,3,11,7,267,4,46.7294425964,-117.0122375488
2019,3,29,3,12,17,267,4,46.7294425964,-117.0122375488
2019,3,29,3,13,27,267,4,46.7294425964,-117.0122375488
2019,3,29,3,14,38,267,4,46.7294425964,-117.0122375488
2019,3,29,3,15,48,267,4,46.7294425964,-117.0122375488
2019,3,29,3,16,59,267,4,46.7294425964,-117.0122375488
2019,3,29,3,18,9,267,4,46.7294425964,-117.0122375488
2019,3,29,3,19,19,267,4,46.7294425964,-117.0122375488
2019,3,29,3,20,30,267,4,46.7294425964,-117.0122375488
2019,3,29,3,21,40,267,4,46.7294425964,-117.0122375488
2019,3,29,3,22,51,267,4,46.7294425964,-117.0122375488
2019,3,29,3,24,1,267,4,46.7294425964,-117.0122375488
2019,3,29,3,25,11,267,4,46.7294425964,-117.0122375488
2019,3,29,3,26,22,267,4,46.7294425964,-117.0122375488
2019,3,29,3,27,32,267,4,46.7294425964,-117.0122375488
2019,3,29,3,28,43,267,4,46.7294425964,-117.0122375488
2019,3,29,3,29,53,267,4,46.7294425964,-117.0122375488
2019,3,29,3,31,3,267,4,46.7294425964,-117.0122375488
2019,3,29,3,32,14,267,4,46.7294425964,-117.0122375488
2019,3,29,3,33,24,267,4,46.7294425964,-117.0122375488
2019,3,29,3,34,34,267,4,46.7294425964,-117.0122375488
2019,3,29,3,35,45,267,4,46.7294425964,-117.0122375488
2019,3,29,3,36,55,267,4,46.7294425964,-117.0122375488
2019,3,29,3,38,6,267,4,46.7294425964,-117.0122375488
2019,3,29,3,39,16,267,4,46.7294425964,-117.0122375488
2019,3,29,3,40,26,267,4,46.7294425964,-117.0122375488
2019,3,29,3,41,37,267,4,46.7294425964,-117.0122375488
2019,3,29,3,42,47,267,4,46.7294425964,-117.0122375488
2019,3,29,3,43,58,267,4,46.7294425964,-117.0122375488
2019,3,29,3,45,8,267,4,46.7294425964,-117.0122375488
2019,3,29,3,46,18,267,4,46.7294425964,-117.0122375488
2019,3,29,3,47,29,267,4,46.7294425964,-117.0122375488
2019,3,29,3,48,39,267,4,46.7294425964,-117.0122375488
2019,3,29,3,49,50,267,4,46.7294425964,-117.0122375488
2019,3,29,3,51,0,267,4,46.7294425964,-117.0122375488
2019,3,29,3,52,10,267,4,46.7294425964,-117.0122375488
2019,3,29,3,53,21,267,4,46.7294425964,-117.0122375488
2019,3,29,3,54,31,267,4,46.7294425964,-117.0122375488
2019,3,29,3,55,41,267,4,46.7294425964,-117.0122375488
2019,3,29,3,56,52,267,4,46.7294425964,-117.0122375488
2019,3,29,3,58,2,267,4,46.7294425964,-117.0122375488
2019,3,29,3,59,13,267,4,46.7294425964,-117.0122375488
2019,3,29,4,0,23,267,4,46.7294425964,-117.0122375488
2019,3,29,4,1,33,267,4,46.7294425964,-117.0122375488
2019,3,29,4,2,44,267,4,46.7294425964,-117.0122375488
2019,3,29,4,3,54,267,4,46.7294425964,-117.0122375488
2019,3,29,4,5,4,267,4,46.7294425964,-117.0122375488
2019,3,29,4,6,15,267,4,46.7294425964,-117.0122375488
2019,3,29,4,7,25,267,4,46.7294425964,-117.0122375488
2019,3,29,4,8,36,267,4,46.7294425964,-117.0122375488
2019,3,29,4,9,46,267,4,46.7294425964,-117.0122375488
2019,3,29,4,10,57,267,4,46.7294425964,-117.0122375488
2019,3,29,4,12,7,267,4,46.7294425964,-117.0122375488
2019,3,29,4,13,17,267,4,46.7294425964,-117.0122375488
2019,3,29,4,14,28,267,4,46.7294425964,-117.0122375488
2019,3,29,4,15,38,267,4,46.7294425964,-117.0122375488
2019,3,29,4,16,48,267,4,46.7294425964,-117.0122375488
2019,3,29,4,17,59,267,4,46.7294425964,-117.0122375488
2019,3,29,4,19,9,267,4,46.7294425964,-117.0122375488
2019,3,29,4,20,20,267,4,46.7294425964,-117.0122375488
2019,3,29,4,21,30,267,4,46.7294425964,-117.0122375488
2019,3,29,4,22,40,267,4,46.7294425964,-117.0122375488
2019,3,29,4,23,51,267,4,46.7294425964,-117.0122375488
2019,3,29,4,25,1,267,4,46.7294425964,-117.0122375488
2019,3,29,4,26,11,267,4,46.7294425964,-117.0122375488
2019,3,29,4,27,22,267,4,46.7294425964,-117.0122375488
2019,3,29,4,28,32,267,4,46.7294425964,-117.0122375488
2019,3,29,4,29,43,267,4,46.7294425964,-117.0122375488
2019,3,29,4,30,53,267,4,46.7294425964,-117.0122375488
2019,3,29,4,32,3,267,4,46.7294425964,-117.0122375488
2019,3,29,4,33,14,267,4,46.7294425964,-117.0122375488
2019,3,29,4,34,24,267,4,46.7294425964,-117.0122375488
2019,3,29,4,35,35,267,4,46.7294425964,-117.0122375488
2019,3,29,4,36,45,267,4,46.7294425964,-117.0122375488
2019,3,29,4,37,55,267,4,46.7294425964,-117.0122375488
2019,3,29,4,39,6,267,4,46.7294425964,-117.0122375488
2019,3,29,4,40,16,267,4,46.7294425964,-117.0122375488
2019,3,29,4,41,27,267,4,46.7294425964,-117.0122375488
2019,3,29,4,42,37,267,4,46.7294425964,-117.0122375488
2019,3,29,4,43,48,267,4,46.7294425964,-117.0122375488
2019,3,29,4,44,58,267,4,46.7294425964,-117.0122375488
2019,3,29,4,46,8,267,4,46.7294425964,-117.0122375488
2019,3,29,4,47,19,267,4,46.7294425964,-117.0122375488
2019,3,29,4,48,29,267,4,46.7294425964,-117.0122375488
2019,3,29,4,49,40,267,4,46.7294425964,-117.0122375488
2019,3,29,4,50,50,267,4,46.7294425964,-117.0122375488
2019,3,29,4,52,0,267,4,46.7294425964,-117.0122375488
2019,3,29,4,53,11,267,4,46.7294425964,-117.0122375488
2019,3,29,4,54,21,267,4,46.7294425964,-117.0122375488
2019,3,29,4,55,32,267,4,46.7294425964,-117.0122375488
2019,3,29,4,56,42,267,4,46.7294425964,-117.0122375488
2019,3,29,4,57,52,267,4,46.7294425964,-117.0122375488
2019,3,29,4,59,3,267,4,46.7294425964,-117.0122375488
2019,3,29,5,0,13,267,4,46.7294425964,-117.0122375488
2019,3,29,5,1,23,267,4,46.7294425964,-117.0122375488
2019,3,29,5,2,34,267,4,46.7294425964,-117.0122375488
2019,3,29,5,3,44,267,4,46.7294425964,-117.0122375488
2019,3,29,5,4,54,267,4,46.7294425964,-117.0122375488
2019,3,29,5,6,5,267,4,46.7294425964,-117.0122375488
2019,3,29,5,7,15,267,4,46.7294425964,-117.0122375488
2019,3,29,5,8,26,267,4,46.7294425964,-117.0122375488
2019,3,29,5,9,36,267,4,46.7294425964,-117.0122375488
2019,3,29,5,10,46,267,4,46.7294425964,-117.0122375488
2019,3,29,5,11,57,267,4,46.7294425964,-117.0122375488
2019,3,29,5,13,7,267,4,46.7294425964,-117.0122375488
2019,3,29,5,14,18,267,4,46.7294425964,-117.0122375488
2019,3,29,5,15,28,267,4,46.7294425964,-117.0122375488
2019,3,29,5,16,39,267,4,46.7294425964,-117.0122375488
2019,3,29,5,17,49,267,4,46.7294425964,-117.0122375488
2019,3,29,5,18,59,267,4,46.7294425964,-117.0122375488
2019,3,29,5,20,10,267,4,46.7294425964,-117.0122375488
2019,3,29,5,21,20,267,4,46.7294425964,-117.0122375488
2019,3,29,5,22,30,267,4,46.7294425964,-117.0122375488
2019,3,29,5,23,41,267,4,46.7294425964,-117.0122375488
2019,3,29,5,24,51,267,4,46.7294425964,-117.0122375488
2019,3,29,5,26,1,267,4,46.7294425964,-117.0122375488
2019,3,29,5,27,12,267,4,46.7294425964,-117.0122375488
2019,3,29,5,28,22,267,4,46.7294425964,-117.0122375488
2019,3,29,5,29,33,267,4,46.7294425964,-117.0122375488
2019,3,29,5,30,43,267,4,46.7294425964,-117.0122375488
2019,3,29,5,31,53,267,4,46.7294425964,-117.0122375488
2019,3,29,5,33,4,267,4,46.7294425964,-117.0122375488
2019,3,29,5,34,14,267,4,46.7294425964,-117.0122375488
2019,3,29,5,35,24,267,4,46.7294425964,-117.0122375488
2019,3,29,5,36,35,267,4,46.7294425964,-117.0122375488
2019,3,29,5,37,45,267,4,46.7294425964,-117.0122375488
2019,3,29,5,38,55,267,4,46.7294425964,-117.0122375488
2019,3,29,5,40,6,267,4,46.7294425964,-117.0122375488
2019,3,29,5,41,16,267,4,46.7294425964,-117.0122375488
2019,3,29,5,42,27,267,4,46.7294425964,-117.0122375488
2019,3,29,5,43,37,267,4,46.7294425964,-117.0122375488
2019,3,29,5,44,47,267,4,46.7294425964,-117.0122375488
2019,3,29,5,45,58,267,4,46.7294425964,-117.0122375488
2019,3,29,5,47,8,267,4,46.7294425964,-117.0122375488
2019,3,29,5,48,19,267,4,46.7294425964,-117.0122375488
2019,3,29,5,49,29,267,4,46.7294425964,-117.0122375488
2019,3,29,5,50,39,267,4,46.7294425964,-117.0122375488
2019,3,29,5,51,50,267,4,46.7294425964,-117.0122375488
2019,3,29,5,53,0,267,4,46.7294425964,-117.0122375488
2019,3,29,5,54,10,267,4,46.7294425964,-117.0122375488
2019,3,29,5,55,21,267,4,46.7294425964,-117.0122375488
2019,3,29,5,56,31,267,4,46.7294425964,-117.0122375488
2019,3,29,5,57,41,267,4,46.7294425964,-117.0122375488
2019,3,29,5,58,52,267,4,46.7294425964,-117.0122375488
2019,3,29,6,0,2,267,4,46.7294425964,-117.0122375488
2019,3,29,6,1,13,267,4,46.7294425964,-117.0122375488
2019,3,29,6,2,23,267,4,46.7294425964,-117.0122375488
2019,3,29,6,3,33,267,4,46.7294425964,-117.0122375488
2019,3,29,6,4,44,267,4,46.7294425964,-117.0122375488
2019,3,29,6,5,54,267,4,46.7294425964,-117.0122375488
2019,3,29,6,7,4,267,4,46.7294425964,-117.0122375488
2019,3,29,6,8,15,267,4,46.7294425964,-117.0122375488
2019,3,29,6,9,25,267,4,46.7294425964,-117.0122375488
2019,3,29,6,10,35,267,4,46.7294425964,-117.0122375488
2019,3,29,6,11,46,267,4,46.7294425964,-117.0122375488
2019,3,29,6,12,56,267,4,46.7294425964,-117.0122375488
2019,3,29,6,14,6,267,4,46.7294425964,-117.0122375488
2019,3,29,6,15,17,267,4,46.7294425964,-117.0122375488
2019,3,29,6,16,27,267,4,46.7294425964,-117.0122375488
2019,3,29,6,17,38,267,4,46.7294425964,-117.0122375488
2019,3,29,6,18,48,267,4,46.7294425964,-117.0122375488
2019,3,29,6,19,58,267,4,46.7294425964,-117.0122375488
2019,3,29,6,21,9,267,4,46.7294425964,-117.0122375488
2019,3,29,6,22,19,267,4,46.7294425964,-117.0122375488
2019,3,29,6,23,29,267,4,46.7294425964,-117.0122375488
2019,3,29,6,24,40,267,4,46.7294425964,-117.0122375488
2019,3,29,6,25,50,267,4,46.7294425964,-117.0122375488
2019,3,29,6,27,0,267,4,46.7294425964,-117.0122375488
2019,3,29,6,28,11,267,4,46.7294425964,-117.0122375488
2019,3,29,6,29,21,267,4,46.7294425964,-117.0122375488
2019,3,29,6,30,32,267,4,46.7294425964,-117.0122375488
2019,3,29,6,31,42,267,4,46.7294425964,-117.0122375488
2019,3,29,6,32,52,267,4,46.7294425964,-117.0122375488
2019,3,29,6,34,3,267,4,46.7294425964,-117.0122375488
2019,3,29,6,35,13,267,4,46.7294425964,-117.0122375488
2019,3,29,6,36,24,267,4,46.7294425964,-117.0122375488
2019,3,29,6,37,34,267,4,46.7294425964,-117.0122375488
2019,3,29,6,38,44,267,4,46.7294425964,-117.0122375488
2019,3,29,6,39,55,267,4,46.7294425964,-117.0122375488
2019,3,29,6,41,5,267,4,46.7294425964,-117.0122375488
2019,3,29,6,42,16,267,4,46.7294425964,-117.0122375488
2019,3,29,6,43,26,267,4,46.7294425964,-117.0122375488
2019,3,29,6,44,37,267,4,46.7294425964,-117.0122375488
2019,3,29,6,45,47,267,4,46.7294425964,-117.0122375488
2019,3,29,6,46,57,267,4,46.7294425964,-117.0122375488
2019,3,29,6,48,8,267,4,46.7294425964,-117.0122375488
2019,3,29,6,49,18,267,4,46.7294425964,-117.0122375488
2019,3,29,6,50,29,267,4,46.7294425964,-117.0122375488
2019,3,29,6,51,39,267,4,46.7294425964,-117.0122375488
2019,3,29,6,52,50,267,4,46.7294425964,-117.0122375488
2019,3,29,6,54,0,267,4,46.7294425964,-117.0122375488
2019,3,29,6,55,10,267,4,46.7294425964,-117.0122375488
2019,3,29,6,56,21,267,4,46.7294425964,-117.0122375488
2019,3,29,6,57,31,267,4,46.7294425964,-117.0122375488
2019,3,29,6,58,41,267,4,46.7294425964,-117.0122375488
2019,3,29,6,59,52,267,4,46.7294425964,-117.0122375488
2019,3,29,7,1,2,267,4,46.7294425964,-117.0122375488
2019,3,29,7,2,13,267,4,46.7294425964,-117.0122375488
2019,3,29,7,3,23,267,4,46.7294425964,-117.0122375488
2019,3,29,7,4,33,267,4,46.7294425964,-117.0122375488
2019,3,29,7,5,44,267,4,46.7294425964,-117.0122375488
2019,3,29,7,6,54,267,4,46.7294425964,-117.0122375488
2019,3,29,7,8,4,267,4,46.7294425964,-117.0122375488
2019,3,29,7,9,15,267,4,46.7294425964,-117.0122375488
2019,3,29,7,10,25,267,4,46.7294425964,-117.0122375488
2019,3,29,7,11,36,267,4,46.7294425964,-117.0122375488
2019,3,29,7,12,46,267,4,46.7294425964,-117.0122375488
2019,3,29,7,13,56,267,4,46.7294425964,-117.0122375488
2019,3,29,7,15,7,267,4,46.7294425964,-117.0122375488
2019,3,29,7,16,17,267,4,46.7294425964,-117.0122375488
2019,3,29,7,17,28,267,4,46.7294425964,-117.0122375488
2019,3,29,7,18,38,267,4,46.7294425964,-117.0122375488
2019,3,29,7,19,49,267,4,46.7294425964,-117.0122375488
2019,3,29,7,20,59,267,4,46.7294425964,-117.0122375488
2019,3,29,7,22,9,267,4,46.7294425964,-117.0122375488
2019,3,29,7,23,20,267,4,46.7294425964,-117.0122375488
2019,3,29,7,24,30,267,4,46.7294425964,-117.0122375488
2019,3,29,7,25,40,267,4,46.7294425964,-117.0122375488
2019,3,29,7,26,51,267,4,46.7294425964,-117.0122375488
2019,3,29,7,28,1,267,4,46.7294425964,-117.0122375488
2019,3,29,7,29,11,267,4,46.7294425964,-117.0122375488
2019,3,29,7,30,22,267,4,46.7294425964,-117.0122375488
2019,3,29,7,31,32,267,4,46.7294425964,-117.0122375488
2019,3,29,7,32,43,267,4,46.7294425964,-117.0122375488
2019,3,29,7,33,53,267,4,46.7294425964,-117.0122375488
2019,3,29,7,35,3,267,4,46.7294425964,-117.0122375488
2019,3,29,7,36,14,267,4,46.7294425964,-117.0122375488
2019,3,29,7,37,24,267,4,46.7294425964,-117.0122375488
2019,3,29,7,38,34,267,4,46.7294425964,-117.0122375488
2019,3,29,7,39,45,267,4,46.7294425964,-117.0122375488
2019,3,29,7,40,55,267,4,46.7294425964,-117.0122375488
2019,3,29,7,42,6,267,4,46.7294425964,-117.0122375488
2019,3,29,7,43,16,267,4,46.7294425964,-117.0122375488
2019,3,29,7,44,26,267,4,46.7294425964,-117.0122375488
2019,3,29,7,45,37,267,4,46.7294425964,-117.0122375488
2019,3,29,7,46,47,267,4,46.7294425964,-117.0122375488
2019,3,29,7,47,57,267,4,46.7294425964,-117.0122375488
2019,3,29,7,49,8,267,4,46.7294425964,-117.0122375488
2019,3,29,7,50,18,267,4,46.7294425964,-117.0122375488
2019,3,29,7,51,29,267,4,46.7294425964,-117.0122375488
2019,3,29,7,52,39,267,4,46.7294425964,-117.0122375488
2019,3,29,7,53,49,267,4,46.7294425964,-117.0122375488
2019,3,29,7,55,0,267,4,46.7294425964,-117.0122375488
2019,3,29,7,56,10,267,4,46.7294425964,-117.0122375488
2019,3,29,7,57,21,267,4,46.7294425964,-117.0122375488
2019,3,29,7,58,31,267,4,46.7294425964,-117.0122375488
2019,3,29,7,59,41,267,4,46.7294425964,-117.0122375488
2019,3,29,8,0,52,267,4,46.7294425964,-117.0122375488
2019,3,29,8,2,2,267,4,46.7294425964,-117.0122375488
2019,3,29,8,3,12,267,4,46.7294425964,-117.0122375488
2019,3,29,8,4,23,267,4,46.7294425964,-117.0122375488
2019,3,29,8,5,33,267,4,46.7294425964,-117.0122375488
2019,3,29,8,6,43,267,4,46.7294425964,-117.0122375488
2019,3,29,8,7,54,267,4,46.7294425964,-117.0122375488
2019,3,29,8,9,4,267,4,46.7294425964,-117.0122375488
2019,3,29,8,10,15,267,4,46.7294425964,-117.0122375488
2019,3,29,8,11,25,267,4,46.7294425964,-117.0122375488
2019,3,29,8,12,36,267,4,46.7294425964,-117.0122375488
2019,3,29,8,13,46,267,4,46.7294425964,-117.0122375488
2019,3,29,8,14,56,267,4,46.7294425964,-117.0122375488
2019,3,29,8,16,7,267,4,46.7294425964,-117.0122375488
2019,3,29,8,17,17,267,4,46.7294425964,-117.0122375488
2019,3,29,8,18,28,267,4,46.7294425964,-117.0122375488
2019,3,29,8,19,38,267,4,46.7294425964,-117.0122375488
2019,3,29,8,20,48,267,4,46.7294425964,-117.0122375488
2019,3,29,8,21,59,267,4,46.7294425964,-117.0122375488
2019,3,29,8,23,9,267,4,46.7294425964,-117.0122375488
2019,3,29,8,24,20,267,4,46.7294425964,-117.0122375488
2019,3,29,8,25,30,267,4,46.7294425964,-117.0122375488
2019,3,29,8,26,40,267,4,46.7294425964,-117.0122375488
2019,3,29,8,27,51,267,4,46.7294425964,-117.0122375488
2019,3,29,8,29,1,267,4,46.7294425964,-117.0122375488
2019,3,29,8,30,11,267,4,46.7294425964,-117.0122375488
2019,3,29,8,31,22,267,4,46.7294425964,-117.0122375488
2019,3,29,8,32,32,267,4,46.7294425964,-117.0122375488
2019,3,29,8,33,43,267,4,46.7294425964,-117.0122375488
2019,3,29,8,34,53,267,4,46.7294425964,-117.0122375488
2019,3,29,8,36,3,267,4,46.7294425964,-117.0122375488
2019,3,29,8,37,14,267,4,46.7294425964,-117.0122375488
2019,3,29,8,38,24,267,4,46.7294425964,-117.0122375488
2019,3,29,8,39,34,267,4,46.7294425964,-117.0122375488
2019,3,29,8,40,45,267,4,46.7294425964,-117.0122375488
2019,3,29,8,41,55,267,4,46.7294425964,-117.0122375488
2019,3,29,8,43,6,267,4,46.7294425964,-117.0122375488
2019,3,29,8,44,16,267,4,46.7294425964,-117.0122375488
2019,3,29,8,45,26,267,4,46.7294425964,-117.0122375488
2019,3,29,8,46,37,267,4,46.7294425964,-117.0122375488
2019,3,29,8,47,47,267,4,46.7294425964,-117.0122375488
2019,3,29,8,48,57,267,4,46.7294425964,-117.0122375488
2019,3,29,8,50,8,267,4,46.7294425964,-117.0122375488
2019,3,29,8,51,18,267,4,46.7294425964,-117.0122375488
2019,3,29,8,52,29,267,4,46.7294425964,-117.0122375488
2019,3,29,8,53,39,267,4,46.7294425964,-117.0122375488
2019,3,29,8,54,49,267,4,46.7294425964,-117.0122375488
2019,3,29,8,56,0,267,4,46.7294425964,-117.0122375488
2019,3,29,8,57,10,267,4,46.7294425964,-117.0122375488
2019,3,29,8,58,20,267,4,46.7294425964,-117.0122375488
2019,3,29,8,59,31,267,4,46.7294425964,-117.0122375488
2019,3,29,9,0,41,267,4,46.7294425964,-117.0122375488
2019,3,29,9,1,51,267,4,46.7294425964,-117.0122375488
2019,3,29,9,3,2,267,4,46.7294425964,-117.0122375488
2019,3,29,9,4,12,267,4,46.7294425964,-117.0122375488
2019,3,29,9,5,22,267,4,46.7294425964,-117.0122375488
2019,3,29,9,6,33,267,4,46.7294425964,-117.0122375488
2019,3,29,9,7,43,267,4,46.7294425964,-117.0122375488
2019,3,29,9,8,54,267,4,46.7294425964,-117.0122375488
2019,3,29,9,10,4,267,4,46.7294425964,-117.0122375488
2019,3,29,9,11,14,267,4,46.7294425964,-117.0122375488
2019,3,29,9,12,25,267,4,46.7294425964,-117.0122375488
2019,3,29,9,13,35,267,4,46.7294425964,-117.0122375488
2019,3,29,9,14,45,267,4,46.7294425964,-117.0122375488
2019,3,29,9,15,56,267,4,46.7294425964,-117.0122375488
2019,3,29,9,17,6,267,4,46.7294425964,-117.0122375488
2019,3,29,9,18,17,267,4,46.7294425964,-117.0122375488
2019,3,29,9,19,27,267,4,46.7294425964,-117.0122375488
2019,3,29,9,20,37,267,4,46.7294425964,-117.0122375488
2019,3,29,9,21,48,267,4,46.7294425964,-117.0122375488
2019,3,29,9,22,58,267,4,46.7294425964,-117.0122375488
2019,3,29,9,24,9,267,4,46.7294425964,-117.0122375488
2019,3,29,9,25,19,267,4,46.7294425964,-117.0122375488
2019,3,29,9,26,29,267,4,46.7294425964,-117.0122375488
2019,3,29,9,27,40,267,4,46.7294425964,-117.0122375488
2019,3,29,9,28,50,267,4,46.7294425964,-117.0122375488
2019,3,29,9,30,0,267,4,46.7294425964,-117.0122375488
2019,3,29,9,31,11,267,4,46.7294425964,-117.0122375488
2019,3,29,9,32,21,267,4,46.7294425964,-117.0122375488
2019,3,29,9,33,31,267,4,46.7294425964,-117.0122375488
2019,3,29,9,34,42,267,4,46.7294425964,-117.0122375488
2019,3,29,9,35,52,267,4,46.7294425964,-117.0122375488
2019,3,29,9,37,3,267,4,46.7294425964,-117.0122375488
2019,3,29,9,38,13,267,4,46.7294425964,-117.0122375488
2019,3,29,9,39,23,267,4,46.7294425964,-117.0122375488
2019,3,29,9,40,34,267,4,46.7294425964,-117.0122375488
2019,3,29,9,41,44,267,4,46.7294425964,-117.0122375488
2019,3,29,9,42,54,267,4,46.7294425964,-117.0122375488
2019,3,29,9,44,5,267,4,46.7294425964,-117.0122375488
2019,3,29,9,45,15,267,4,46.7294425964,-117.0122375488
2019,3,29,9,46,26,267,4,46.7294425964,-117.0122375488
2019,3,29,9,47,36,267,4,46.7294425964,-117.0122375488
2019,3,29,9,48,46,267,4,46.7294425964,-117.0122375488
2019,3,29,9,49,57,267,4,46.7294425964,-117.0122375488
2019,3,29,9,51,7,267,4,46.7294425964,-117.0122375488
2019,3,29,9,52,18,267,4,46.7294425964,-117.0122375488
2019,3,29,9,53,28,267,4,46.7294425964,-117.0122375488
2019,3,29,9,54,38,267,4,46.7294425964,-117.0122375488
2019,3,29,9,55,49,267,4,46.7294425964,-117.0122375488
2019,3,29,9,56,59,267,4,46.7294425964,-117.0122375488
2019,3,29,9,58,9,267,4,46.7294425964,-117.0122375488
2019,3,29,9,59,20,267,4,46.7294425964,-117.0122375488
2019,3,29,10,0,30,267,4,46.7294425964,-117.0122375488
2019,3,29,10,1,41,267,4,46.7294425964,-117.0122375488
2019,3,29,10,2,51,267,4,46.7294425964,-117.0122375488
2019,3,29,10,4,1,267,4,46.7294425964,-117.0122375488
2019,3,29,10,5,12,267,4,46.7294425964,-117.0122375488
2019,3,29,10,6,22,267,4,46.7294425964,-117.0122375488
2019,3,29,10,7,32,267,4,46.7294425964,-117.0122375488
2019,3,29,10,8,43,267,4,46.7294425964,-117.0122375488
2019,3,29,10,9,53,267,4,46.7294425964,-117.0122375488
2019,3,29,10,11,4,267,4,46.7294425964,-117.0122375488
2019,3,29,10,12,14,267,4,46.7294425964,-117.0122375488
2019,3,29,10,13,25,267,4,46.7294425964,-117.0122375488
2019,3,29,10,14,35,267,4,46.7294425964,-117.0122375488
2019,3,29,10,15,45,267,4,46.7294425964,-117.0122375488
2019,3,29,10,16,56,267,4,46.7294425964,-117.0122375488
2019,3,29,10,18,6,267,4,46.7294425964,-117.0122375488
2019,3,29,10,19,16,267,4,46.7294425964,-117.0122375488
2019,3,29,10,20,27,267,4,46.7294425964,-117.0122375488
2019,3,29,10,21,37,267,4,46.7294425964,-117.0122375488
2019,3,29,10,22,48,267,4,46.7294425964,-117.0122375488
2019,3,29,10,23,58,267,4,46.7294425964,-117.0122375488
2019,3,29,10,25,8,267,4,46.7294425964,-117.0122375488
2019,3,29,10,26,19,267,4,46.7294425964,-117.0122375488
2019,3,29,10,27,29,267,4,46.7294425964,-117.0122375488
2019,3,29,10,28,39,267,4,46.7294425964,-117.0122375488
2019,3,29,10,29,50,267,4,46.7294425964,-117.0122375488
2019,3,29,10,31,0,267,4,46.7294425964,-117.0122375488
2019,3,29,10,32,11,267,4,46.7294425964,-117.0122375488
2019,3,29,10,33,21,267,4,46.7294425964,-117.0122375488
2019,3,29,10,34,32,267,4,46.7294425964,-117.0122375488
2019,3,29,10,35,42,267,4,46.7294425964,-117.0122375488
2019,3,29,10,36,52,267,4,46.7294425964,-117.0122375488
2019,3,29,10,38,3,267,4,46.7294425964,-117.0122375488
2019,3,29,10,39,13,267,4,46.7294425964,-117.0122375488
2019,3,29,10,40,23,267,4,46.7294425964,-117.0122375488
2019,3,29,10,41,34,267,4,46.7294425964,-117.0122375488
2019,3,29,10,42,44,267,4,46.7294425964,-117.0122375488
2019,3,29,10,43,55,267,4,46.7294425964,-117.0122375488
2019,3,29,10,45,5,267,4,46.7294425964,-117.0122375488
2019,3,29,10,46,15,267,4,46.7294425964,-117.0122375488
2019,3,29,10,47,26,267,4,46.7294425964,-117.0122375488
2019,3,29,10,48,36,267,4,46.7294425964,-117.0122375488
2019,3,29,10,49,47,267,4,46.7294425964,-117.0122375488
2019,3,29,10,50,57,267,4,46.7294425964,-117.0122375488
2019,3,29,10,52,8,267,4,46.7294425964,-117.0122375488
2019,3,29,10,53,18,267,4,46.7294425964,-117.0122375488
2019,3,29,10,54,28,267,4,46.7294425964,-117.0122375488
2019,3,29,10,55,39,267,4,46.7294425964,-117.0122375488
2019,3,29,10,56,49,267,4,46.7294425964,-117.0122375488
2019,3,29,10,57,59,267,4,46.7294425964,-117.0122375488
2019,3,29,10,59,10,267,4,46.7294425964,-117.0122375488
2019,3,29,11,0,20,267,4,46.7294425964,-117.0122375488
2019,3,29,11,1,31,267,4,46.7294425964,-117.0122375488
2019,3,29,11,2,41,267,4,46.7294425964,-117.0122375488
2019,3,29,11,3,51,267,4,46.7294425964,-117.0122375488
2019,3,29,11,5,2,267,4,46.7294425964,-117.0122375488
2019,3,29,11,6,12,267,4,46.7294425964,-117.0122375488
2019,3,29,11,7,22,267,4,46.7294425964,-117.0122375488
2019,3,29,11,8,33,267,4,46.7294425964,-117.0122375488
2019,3,29,11,9,43,267,4,46.7294425964,-117.0122375488
2019,3,29,11,10,54,267,4,46.7294425964,-117.0122375488
2019,3,29,11,12,4,267,4,46.7294425964,-117.0122375488
2019,3,29,11,13,15,267,4,46.7294425964,-117.0122375488
2019,3,29,11,14,25,267,4,46.7294425964,-117.0122375488
2019,3,29,11,15,35,267,4,46.7294425964,-117.0122375488
2019,3,29,11,16,46,267,4,46.7294425964,-117.0122375488
2019,3,29,11,17,56,267,4,46.7294425964,-117.0122375488
2019,3,29,11,19,6,267,4,46.7294425964,-117.0122375488
2019,3,29,11,20,17,267,4,46.7294425964,-117.0122375488
2019,3,29,11,21,27,267,4,46.7294425964,-117.0122375488
2019,3,29,11,22,38,267,4,46.7294425964,-117.0122375488
2019,3,29,11,23,48,267,4,46.7294425964,-117.0122375488
2019,3,29,11,24,58,267,4,46.7294425964,-117.0122375488
2019,3,29,11,26,9,267,4,46.7294425964,-117.0122375488
2019,3,29,11,27,19,267,4,46.7294425964,-117.0122375488
2019,3,29,11,28,30,267,4,46.7294425964,-117.0122375488
2019,3,29,11,29,40,267,4,46.7294425964,-117.0122375488
2019,3,29,11,30,50,267,4,46.7294425964,-117.0122375488
2019,3,29,11,32,1,267,4,46.7294425964,-117.0122375488
2019,3,29,11,33,11,267,4,46.7294425964,-117.0122375488
2019,3,29,11,34,22,267,4,46.7294425964,-117.0122375488
2019,3,29,11,35,32,267,4,46.7294425964,-117.0122375488
2019,3,29,11,36,42,267,4,46.7294425964,-117.0122375488
2019,3,29,11,37,53,267,4,46.7294425964,-117.0122375488
2019,3,29,11,39,3,267,4,46.7294425964,-117.0122375488
2019,3,29,11,40,13,267,4,46.7294425964,-117.0122375488
2019,3,29,11,41,24,267,4,46.7294425964,-117.0122375488
2019,3,29,11,42,34,267,4,46.7294425964,-117.0122375488
2019,3,29,11,43,45,267,4,46.7294425964,-117.0122375488
2019,3,29,11,44,55,267,4,46.7294425964,-117.0122375488
2019,3,29,11,46,5,267,4,46.7294425964,-117.0122375488
2019,3,29,11,47,16,267,4,46.7294425964,-117.0122375488
2019,3,29,11,48,26,267,4,46.7294425964,-117.0122375488
2019,3,29,11,49,36,267,4,46.7294425964,-117.0122375488
2019,3,29,11,50,47,267,4,46.7294425964,-117.0122375488
2019,3,29,11,51,57,267,4,46.7294425964,-117.0122375488
2019,3,29,11,53,8,267,4,46.7294425964,-117.0122375488
2019,3,29,11,54,18,267,4,46.7294425964,-117.0122375488
2019,3,29,11,55,28,267,4,46.7294425964,-117.0122375488
2019,3,29,11,56,39,267,4,46.7294425964,-117.0122375488
2019,3,29,11,57,49,267,4,46.7294425964,-117.0122375488
2019,3,29,11,58,59,267,4,46.7294425964,-117.0122375488
2019,3,29,12,0,10,267,4,46.7294425964,-117.0122375488
2019,3,29,12,1,20,267,4,46.7294425964,-117.0122375488
2019,3,29,12,2,31,267,4,46.7294425964,-117.0122375488
2019,3,29,12,3,41,267,4,46.7294425964,-117.0122375488
2019,3,29,12,4,51,267,4,46.7294425964,-117.0122375488
2019,3,29,12,6,2,267,4,46.7294425964,-117.0122375488
2019,3,29,12,7,12,267,4,46.7294425964,-117.0122375488
2019,3,29,12,8,23,267,4,46.7294425964,-117.0122375488
2019,3,29,12,9,33,267,4,46.7294425964,-117.0122375488
2019,3,29,12,10,43,267,4,46.7294425964,-117.0122375488
2019,3,29,12,11,54,267,4,46.7294425964,-117.0122375488
2019,3,29,12,13,4,267,4,46.7294425964,-117.0122375488
2019,3,29,12,14,14,267,4,46.7294425964,-117.0122375488
2019,3,29,12,15,25,267,4,46.7294425964,-117.0122375488
2019,3,29,12,16,35,267,4,46.7294425964,-117.0122375488
2019,3,29,12,17,46,267,4,46.7294425964,-117.0122375488
2019,3,29,12,18,56,267,4,46.7294425964,-117.0122375488
2019,3,29,12,20,6,267,4,46.7294425964,-117.0122375488
2019,3,29,12,21,17,267,4,46.7294425964,-117.0122375488
2019,3,29,12,22,27,267,4,46.7294425964,-117.0122375488
2019,3,29,12,23,37,267,4,46.7294425964,-117.0122375488
2019,3,29,12,24,48,267,4,46.7294425964,-117.0122375488
2019,3,29,12,25,58,267,4,46.7294425964,-117.0122375488
2019,3,29,12,27,9,267,4,46.7294425964,-117.0122375488
2019,3,29,12,28,19,267,4,46.7294425964,-117.0122375488
2019,3,29,12,29,29,267,4,46.7294425964,-117.0122375488
2019,3,29,12,30,40,267,4,46.7294425964,-117.0122375488
2019,3,29,12,31,50,267,4,46.7294425964,-117.0122375488
2019,3,29,12,33,0,267,4,46.7294425964,-117.0122375488
2019,3,29,12,34,11,267,4,46.7294425964,-117.0122375488
2019,3,29,12,35,21,267,4,46.7294425964,-117.0122375488
2019,3,29,12,36,32,267,4,46.7294425964,-117.0122375488
2019,3,29,12,37,42,267,4,46.7294425964,-117.0122375488
2019,3,29,12,38,52,267,4,46.7294425964,-117.0122375488
2019,3,29,12,40,3,267,4,46.7294425964,-117.0122375488
2019,3,29,12,41,13,267,4,46.7294425964,-117.0122375488
2019,3,29,12,42,24,267,4,46.7294425964,-117.0122375488
2019,3,29,12,43,34,267,4,46.7294425964,-117.0122375488
2019,3,29,12,44,44,267,4,46.7294425964,-117.0122375488
2019,3,29,12,45,55,267,4,46.7294425964,-117.0122375488
2019,3,29,12,47,5,267,4,46.7294425964,-117.0122375488
2019,3,29,12,48,15,267,4,46.7294425964,-117.0122375488
2019,3,29,12,49,26,267,4,46.7294425964,-117.0122375488
2019,3,29,12,50,36,267,4,46.7294425964,-117.0122375488
2019,3,29,12,51,46,267,4,46.7294425964,-117.0122375488
2019,3,29,12,52,57,267,4,46.7294425964,-117.0122375488
2019,3,29,12,54,7,267,4,46.7294425964,-117.0122375488
2019,3,29,12,55,18,267,4,46.7294425964,-117.0122375488
2019,3,29,12,56,28,267,4,46.7294425964,-117.0122375488
2019,3,29,12,57,38,267,4,46.7294425964,-117.0122375488
2019,3,29,12,58,49,267,4,46.7294425964,-117.0122375488
2019,3,29,12,59,59,267,4,46.7294425964,-117.0122375488
2019,3,29,13,1,10,267,4,46.7294425964,-117.0122375488
2019,3,29,13,2,20,267,4,46.7294425964,-117.0122375488
2019,3,29,13,3,30,267,4,46.7294425964,-117.0122375488
2019,3,29,13,4,41,267,4,46.7294425964,-117.0122375488
2019,3,29,13,5,51,267,4,46.7294425964,-117.0122375488
2019,3,29,13,7,1,267,4,46.7294425964,-117.0122375488
2019,3,29,13,8,12,267,4,46.7294425964,-117.0122375488
2019,3,29,13,9,22,267,4,46.7294425964,-117.0122375488
2019,3,29,13,10,32,267,4,46.7294425964,-117.0122375488
2019,3,29,13,11,43,267,4,46.7294425964,-117.0122375488
2019,3,29,13,12,53,267,4,46.7294425964,-117.0122375488
2019,3,29,13,14,4,267,4,46.7294425964,-117.0122375488
2019,3,29,13,15,14,267,4,46.7294425964,-117.0122375488
2019,3,29,13,16,24,267,4,46.7294425964,-117.0122375488
2019,3,29,13,17,35,267,4,46.7294425964,-117.0122375488
2019,3,29,13,18,45,267,4,46.7294425964,-117.0122375488
2019,3,29,13,19,56,267,4,46.7294425964,-117.0122375488
2019,3,29,13,21,6,267,4,46.7294425964,-117.0122375488
2019,3,29,13,22,16,267,4,46.7294425964,-117.0122375488
2019,3,29,13,23,27,267,4,46.7294425964,-117.0122375488
2019,3,29,13,24,37,267,4,46.7294425964,-117.0122375488
2019,3,29,13,25,47,267,4,46.7294425964,-117.0122375488
2019,3,29,13,26,58,267,4,46.7294425964,-117.0122375488
2019,3,29,13,28,8,267,4,46.7294425964,-117.0122375488
2019,3,29,13,29,19,267,4,46.7294425964,-117.0122375488
2019,3,29,13,30,29,267,4,46.7294425964,-117.0122375488
2019,3,29,13,31,39,267,4,46.7294425964,-117.0122375488
2019,3,29,13,32,50,267,4,46.7294425964,-117.0122375488
2019,3,29,13,34,0,267,4,46.7294425964,-117.0122375488
2019,3,29,13,35,11,267,4,46.7294425964,-117.0122375488
2019,3,29,13,36,21,267,4,46.7294425964,-117.0122375488
2019,3,29,13,37,31,267,4,46.7294425964,-117.0122375488
2019,3,29,13,38,42,267,4,46.7294425964,-117.0122375488
2019,3,29,13,39,52,267,4,46.7294425964,-117.0122375488
2019,3,29,13,41,3,267,4,46.7294425964,-117.0122375488
2019,3,29,13,42,13,267,4,46.7294425964,-117.0122375488
2019,3,29,13,43,23,267,4,46.7294425964,-117.0122375488
2019,3,29,13,44,34,267,4,46.7294425964,-117.0122375488
2019,3,29,13,45,44,267,4,46.7294425964,-117.0122375488
2019,3,29,13,46,54,267,4,46.7294425964,-117.0122375488
2019,3,29,13,48,5,267,4,46.7294425964,-117.0122375488
2019,3,29,13,49,15,267,4,46.7294425964,-117.0122375488
2019,3,29,13,50,26,267,4,46.7294425964,-117.0122375488
2019,3,29,13,51,36,267,4,46.7294425964,-117.0122375488
2019,3,29,13,52,46,267,4,46.7294425964,-117.0122375488
2019,3,29,13,53,57,267,4,46.7294425964,-117.0122375488
2019,3,29,13,55,7,267,4,46.7294425964,-117.0122375488
2019,3,29,13,56,17,267,4,46.7294425964,-117.0122375488
2019,3,29,13,57,28,267,4,46.7294425964,-117.0122375488
2019,3,29,13,58,38,267,4,46.7294425964,-117.0122375488
2019,3,29,13,59,48,267,4,46.7294425964,-117.0122375488
2019,3,29,14,0,59,267,4,46.7294425964,-117.0122375488
2019,3,29,14,2,9,267,4,46.7294425964,-117.0122375488
2019,3,29,14,3,20,267,4,46.7294425964,-117.0122375488
2019,3,29,14,4,30,267,4,46.7294425964,-117.0122375488
2019,3,29,14,5,40,267,4,46.7294425964,-117.0122375488
2019,3,29,14,6,51,267,4,46.7294425964,-117.0122375488
2019,3,29,14,8,1,267,4,46.7294425964,-117.0122375488
2019,3,29,14,9,12,267,4,46.7294425964,-117.0122375488
2019,3,29,14,10,22,267,4,46.7294425964,-117.0122375488
2019,3,29,14,11,32,267,4,46.7294425964,-117.0122375488
2019,3,29,14,12,43,267,4,46.7294425964,-117.0122375488
2019,3,29,14,13,53,267,4,46.7294425964,-117.0122375488
2019,3,29,14,15,3,267,4,46.7294425964,-117.0122375488
2019,3,29,14,16,14,267,4,46.7294425964,-117.0122375488
2019,3,29,14,17,24,267,4,46.7294425964,-117.0122375488
2019,3,29,14,18,35,267,4,46.7294425964,-117.0122375488
2019,3,29,14,19,45,267,4,46.7294425964,-117.0122375488
2019,3,29,14,20,55,267,4,46.7294425964,-117.0122375488
2019,3,29,14,22,6,267,4,46.7294425964,-117.0122375488
2019,3,29,14,23,16,267,4,46.7294425964,-117.0122375488
2019,3,29,14,24,26,267,4,46.7294425964,-117.0122375488
2019,3,29,14,25,37,267,4,46.7294425964,-117.0122375488
2019,3,29,14,26,47,267,4,46.7294425964,-117.0122375488
2019,3,29,14,27,58,267,4,46.7294425964,-117.0122375488
2019,3,29,14,29,8,267,4,46.7294425964,-117.0122375488
2019,3,29,14,30,18,267,4,46.7294425964,-117.0122375488
2019,3,29,14,31,29,267,4,46.7294425964,-117.0122375488
2019,3,29,14,32,39,267,4,46.7294425964,-117.0122375488
2019,3,29,14,33,49,267,4,46.7294425964,-117.0122375488
2019,3,29,14,35,0,267,4,46.7294425964,-117.0122375488
2019,3,29,14,36,10,267,4,46.7294425964,-117.0122375488
2019,3,29,14,37,21,267,4,46.7294425964,-117.0122375488
2019,3,29,14,38,31,267,4,46.7294425964,-117.0122375488
2019,3,29,14,39,41,267,4,46.7294425964,-117.0122375488
2019,3,29,14,40,52,267,4,46.7294425964,-117.0122375488
2019,3,29,14,42,2,267,4,46.7294425964,-117.0122375488
2019,3,29,14,43,12,267,4,46.7294425964,-117.0122375488
2019,3,29,14,44,23,267,4,46.7294425964,-117.0122375488
2019,3,29,14,45,33,267,4,46.7294425964,-117.0122375488
2019,3,29,14,46,44,267,4,46.7294425964,-117.0122375488
2019,3,29,14,47,54,267,4,46.7294425964,-117.0122375488
2019,3,29,14,49,4,267,4,46.7294425964,-117.0122375488
2019,3,29,14,50,15,267,4,46.7294425964,-117.0122375488
2019,3,29,14,51,25,267,4,46.7294425964,-117.0122375488
2019,3,29,14,52,35,267,4,46.7294425964,-117.0122375488
2019,3,29,14,53,46,267,4,46.7294425964,-117.0122375488
2019,3,29,14,54,56,267,4,46.7294425964,-117.0122375488
2019,3,29,14,56,7,267,4,46.7294425964,-117.0122375488
2019,3,29,14,57,17,267,4,46.7294425964,-117.0122375488
2019,3,29,14,58,27,267,4,46.7294425964,-117.0122375488
2019,3,29,14,59,38,267,4,46.7294425964,-117.0122375488
2019,3,29,15,0,48,267,4,46.7294425964,-117.0122375488
2019,3,29,15,1,59,267,4,46.7294425964,-117.0122375488
2019,3,29,15,3,9,267,4,46.7294425964,-117.0122375488
2019,3,29,15,4,19,267,4,46.7294425964,-117.0122375488
2019,3,29,15,5,30,267,4,46.7294425964,-117.0122375488
2019,3,29,15,6,40,267,4,46.7294425964,-117.0122375488
2019,3,29,15,7,50,267,4,46.7294425964,-117.0122375488
2019,3,29,15,9,1,267,4,46.7294425964,-117.0122375488
2019,3,29,15,10,11,267,4,46.7294425964,-117.0122375488
2019,3,29,15,11,22,267,4,46.7294425964,-117.0122375488
2019,3,29,15,12,32,267,4,46.7294425964,-117.0122375488
2019,3,29,15,13,42,267,4,46.7294425964,-117.0122375488
2019,3,29,15,14,53,267,4,46.7294425964,-117.0122375488
2019,3,29,15,16,3,267,4,46.7294425964,-117.0122375488
2019,3,29,15,17,13,267,4,46.7294425964,-117.0122375488
2019,3,29,15,18,24,267,4,46.7294425964,-117.0122375488
2019,3,29,15,19,34,267,4,46.7294425964,-117.0122375488
2019,3,29,17,18,6,819,6,46.7290573120,-117.0104217529
2019,3,29,17,19,21,819,6,46.7290573120,-117.0104217529
2019,3,29,17,20,37,819,6,46.7290573120,-117.0104217529
2019,3,29,17,21,53,819,6,46.7290573120,-117.0104217529
2019,3,29,17,23,9,819,6,46.7290573120,-117.0104217529
2019,3,29,17,24,26,819,6,46.7290573120,-117.0104217529
2019,3,29,17,25,42,819,6,46.7290573120,-117.0104217529
2019,3,29,17,26,58,819,6,46.7290573120,-117.0104217529
2019,3,29,17,28,14,819,6,46.7290573120,-117.0104217529
2019,3,29,17,29,30,819,6,46.7290573120,-117.0104217529
2019,3,29,17,30,47,819,6,46.7290573120,-117.0104217529
2019,3,29,17,32,3,819,6,46.7290573120,-117.0104217529
2019,3,29,17,33,20,819,6,46.7290573120,-117.0104217529
2019,3,29,17,34,36,819,6,46.7290573120,-117.0104217529
2019,3,29,17,35,52,819,6,46.7290573120,-117.0104217529
2019,3,29,17,37,9,819,6,46.7290573120,-117.0104217529
2019,3,29,17,38,25,819,6,46.7290573120,-117.0104217529
2019,3,29,17,39,41,819,6,46.7290573120,-117.0104217529
2019,3,29,17,40,57,819,6,46.7290573120,-117.0104217529
2019,3,29,17,42,14,819,6,46.7290573120,-117.0104217529
2019,3,29,17,43,30,819,6,46.7290573120,-117.0104217529
2019,3,29,17,44,46,819,6,46.7290573120,-117.0104217529
2019,3,29,17,46,3,819,6,46.7290573120,-117.0104217529
2019,3,29,17,47,19,819,6,46.7290573120,-117.0104217529
2019,3,29,17,48,35,819,6,46.7290573120,-117.0104217529
2019,3,29,17,49,51,819,6,46.7290573120,-117.0104217529
2019,3,29,17,51,8,819,6,46.7290573120,-117.0104217529
2019,3,29,17,52,24,819,6,46.7290573120,-117.0104217529
2019,3,29,17,53,40,819,6,46.7290573120,-117.0104217529
2019,3,29,17,54,57,819,6,46.7290573120,-117.0104217529
2019,3,29,17,56,13,819,6,46.7290573120,-117.0104217529
2019,3,29,17,57,29,819,6,46.7290573120,-117.0104217529
2019,3,29,17,58,45,819,6,46.7290573120,-117.0104217529
2019,3,29,18,0,2,819,6,46.7290573120,-117.0104217529
2019,3,29,18,1,18,819,6,46.7290573120,-117.0104217529
2019,3,29,18,2,35,819,6,46.7290573120,-117.0104217529
2019,3,29,18,3,51,819,6,46.7290573120,-117.0104217529
2019,3,29,18,5,7,819,6,46.7290573120,-117.0104217529
2019,3,29,18,6,24,819,6,46.7290573120,-117.0104217529
2019,3,29,18,7,40,819,6,46.7290573120,-117.0104217529
2019,3,29,18,8,57,819,6,46.7290573120,-117.0104217529
2019,3,29,18,10,13,819,6,46.7290573120,-117.0104217529
2019,3,29,18,11,29,819,6,46.7290573120,-117.0104217529
2019,3,29,18,12,46,819,6,46.7290573120,-117.0104217529
2019,3,29,18,14,2,819,6,46.7290573120,-117.0104217529
2019,3,29,18,15,19,819,6,46.7290573120,-117.0104217529
2019,3,29,18,16,35,819,6,46.7290573120,-117.0104217529
2019,3,29,18,17,51,819,6,46.7290573120,-117.0104217529
2019,3,29,18,19,8,819,6,46.7290573120,-117.0104217529
2019,3,29,18,20,24,819,6,46.7290573120,-117.0104217529
2019,3,29,18,21,40,819,6,46.7290573120,-117.0104217529
2019,3,29,18,22,57,819,6,46.7290573120,-117.0104217529
2019,3,29,18,24,13,819,6,46.7290573120,-117.0104217529
2019,3,29,18,25,30,819,6,46.7290573120,-117.0104217529
2019,3,29,18,26,46,819,6,46.7290573120,-117.0104217529
2019,3,29,18,28,2,819,6,46.7290573120,-117.0104217529
2019,3,29,18,29,19,819,6,46.7290573120,-117.0104217529
2019,3,29,18,30,35,819,6,46.7290573120,-117.0104217529
2019,3,29,18,31,52,819,6,46.7290573120,-117.0104217529
2019,3,29,18,33,8,819,6,46.7290573120,-117.0104217529
2019,3,29,18,34,25,819,6,46.7290573120,-117.0104217529
2019,3,29,18,35,41,819,6,46.7290573120,-117.0104217529
2019,3,29,18,36,57,819,6,46.7290573120,-117.0104217529
2019,3,29,18,38,14,819,6,46.7290573120,-117.0104217529
2019,3,29,18,39,30,819,6,46.7290573120,-117.0104217529
2019,3,29,18,40,47,819,6,46.7290573120,-117.0104217529
2019,3,29,18,42,3,819,6,46.7290573120,-117.0104217529
2019,3,29,18,43,19,819,6,46.7290573120,-117.0104217529
2019,3,29,18,44,35,819,6,46.7290573120,-117.0104217529
2019,3,29,18,45,52,819,6,46.7290573120,-117.0104217529
2019,3,29,18,47,8,819,6,46.7290573120,-117.0104217529
2019,3,29,18,48,24,819,6,46.7290573120,-117.0104217529
2019,3,29,18,49,41,819,6,46.7290573120,-117.0104217529
2019,3,29,18,50,57,819,6,46.7290573120,-117.0104217529
2019,3,29,18,52,14,819,6,46.7290573120,-117.0104217529
2019,3,29,18,53,30,819,6,46.7290573120,-117.0104217529
2019,3,29,18,54,47,819,6,46.7290573120,-117.0104217529
2019,3,29,18,56,3,819,6,46.7290573120,-117.0104217529
2019,3,29,18,57,19,819,6,46.7290573120,-117.0104217529
2019,3,29,18,58,36,819,6,46.7290573120,-117.0104217529
2019,3,29,18,59,52,819,6,46.7290573120,-117.0104217529
2019,3,29,19,1,8,819,6,46.7290573120,-117.0104217529
2019,3,29,19,1,8,819,6,46.7290573120,-117.0104217529
2019,3,29,19,1,8,819,6,46.7290573120,-117.0104217529
2019,3,29,19,1,8,819,6,46.7290573120,-117.0104217529
2019,3,29,19,1,8,819,6,46.7290573120,-117.0104217529
2019,3,29,19,1,8,819,6,46.7290573120,-117.0104217529
2019,3,29,19,1,8,819,6,46.7290573120,-117.0104217529
2019,3,29,19,1,8,819,6,46.7290573120,-117.0104217529
2019,3,29,19,1,8,819,6,46.7290573120,-117.0104217529
2019,3,29,19,1,8,819,6,46.7290573120,-117.0104217529
