0,0,0,0,0,0,0,0,0
0,0,0,0,0,0,0,0,0
0,0,0,0,0,0,0,0,0
19,5,10,21,13,4,1,46.7294731140,-117.0122375488
19,5,10,21,24,12,1,46.7294921875,-117.0120697021
19,5,10,21,34,59,1,46.7294921875,-117.0121841430
19,5,10,21,45,59,1,46.7295989990,-117.0119552612
19,5,10,21,57,22,1,46.7295684814,-117.0121002197
19,5,10,22,8,19,1,46.7293472290,-117.0121459960
19,5,10,22,19,20,1,46.7298088073,-117.0120086669
19,5,10,22,30,20,1,46.7291221618,-117.0121612548
19,5,10,22,41,32,1,46.7296905517,-117.0119705200
19,5,10,22,53,14,1,46.7292594909,-117.0125427246
19,5,10,23,4,12,1,46.7294807434,-117.0119934082
19,5,10,23,15,7,1,46.7372474670,-117.0014495849
19,5,10,23,26,40,1,46.7346038818,-117.0043029785
19,5,10,23,50,43,1,46.7226676940,-116.9735946655
19,5,11,0,2,9,1,46.7298355102,-116.9534606933
19,5,11,0,13,4,1,46.7298355102,-116.9536285400
19,5,11,0,23,59,1,46.7298316955,-116.9535369873
19,5,11,0,35,16,1,46.7225074768,-116.9855651855
0,0,0,0,0,0,0,0,0
19,5,11,0,58,52,1,46.7173995971,-116.9915924072
19,5,11,1,9,43,0,46.7173233032,-116.9917221069
19,5,11,1,20,35,1,46.7173500061,-116.9917068481
19,5,11,1,31,29,1,46.7173728942,-116.9917221069
19,5,11,1,42,24,1,46.7175521850,-116.9919891357
19,5,11,1,53,19,1,46.7175559997,-116.9918212890
19,5,11,2,4,12,0,46.7174987792,-116.9917984008
19,5,11,2,15,42,1,46.7174987792,-116.9918594360
19,5,11,2,27,6,1,46.7173690795,-116.9917221069
19,5,11,2,38,2,1,46.7172660827,-116.9916152954
19,5,11,2,49,9,1,46.7172698974,-116.9915771484
19,5,11,3,0,29,1,46.7172546386,-116.9913635253
19,5,11,3,11,51,1,46.7172622680,-116.9915161132
19,5,11,3,22,49,1,46.7172927856,-116.9915008544
19,5,11,3,33,50,1,46.7179183959,-116.9983978271
0,0,0,0,0,0,0,0,0
19,5,11,3,54,47,1,46.7297973632,-117.0120620727
0,0,0,0,0,0,0,0,0
0,0,0,0,0,0,0,0,0
0,0,0,0,0,0,0,0,0
0,0,0,0,0,0,0,0,0
0,0,0,0,0,0,0,0,0
0,0,0,0,0,0,0,0,0
0,0,0,0,0,0,0,0,0
0,0,0,0,0,0,0,0,0
0,0,0,0,0,0,0,0,0
19,5,11,6,1,4,1,46.7173423767,-116.9918746948
19,5,11,6,11,56,1,46.7171211242,-116.9912109375
19,5,11,6,22,48,1,46.7174377441,-116.9917678833
19,5,11,6,33,44,1,46.7174224853,-116.9918212890
19,5,11,6,44,37,1,46.7174034118,-116.9917678833
19,5,11,6,55,30,1,46.7174186706,-116.9917297363
19,5,11,7,7,4,1,46.7174034118,-116.9917602539
19,5,11,7,17,58,0,46.7174453735,-116.9917831420
19,5,11,7,28,52,1,46.7172889709,-116.9918365478
19,5,11,7,39,46,1,46.7173233032,-116.9918060302
19,5,11,7,50,40,0,46.7173080444,-116.9917068481
19,5,11,8,1,33,1,46.7174453735,-116.9918060302
19,5,11,8,12,24,1,46.7175903320,-116.9917449951
19,5,11,8,23,18,1,46.7174797058,-116.9917068481
19,5,11,8,34,15,1,46.7174072265,-116.9914093017
19,5,11,8,45,22,1,46.7173919677,-116.9914627075
19,5,11,8,56,20,1,46.7170791625,-116.9913635253
19,5,11,9,7,32,1,46.7173652648,-116.9917221069
19,5,11,9,18,24,1,46.7173156738,-116.9920043945
19,5,11,9,29,17,1,46.7173767089,-116.9918060302
19,5,11,9,40,15,1,46.7172660827,-116.9918365478
19,5,11,9,51,12,1,46.7172203063,-116.9913864135
19,5,11,10,2,8,1,46.7173423767,-116.9916076660
19,5,11,10,13,13,1,46.7173423767,-116.9914627075
19,5,11,10,24,34,1,46.7172393798,-116.9915924072
19,5,11,10,35,29,1,46.7173461914,-116.9916915893
19,5,11,10,46,21,1,46.7176170349,-116.9920120239
19,5,11,10,57,16,1,46.7171363830,-116.9915008544
19,5,11,11,8,7,0,46.7173843383,-116.9916534423
19,5,11,11,19,2,1,46.7174148559,-116.9917831420
19,5,11,11,29,57,1,46.7172050476,-116.9917297363
19,5,11,11,40,52,0,46.7173194885,-116.9915771484
19,5,11,11,51,44,1,46.7174301147,-116.9917984008
19,5,11,12,2,52,1,46.7171974182,-116.9914245605
19,5,11,12,13,47,1,46.7172737121,-116.9912872314
19,5,11,12,24,49,1,46.7173881530,-116.9912872314
19,5,11,12,36,1,1,46.7173652648,-116.9917221069
19,5,11,12,46,55,1,46.7174148559,-116.9916534423
19,5,11,12,57,48,1,46.7174911499,-116.9919509887
19,5,11,13,8,39,1,46.7174415588,-116.9917068481
19,5,11,13,19,37,0,46.7175064086,-116.9915924072
19,5,11,13,30,39,1,46.7173881530,-116.9915695190
19,5,11,13,41,38,1,46.7172851562,-116.9915008544
19,5,11,13,52,58,1,46.7173843383,-116.9918365478
19,5,11,14,3,50,1,46.7177009582,-116.9923706054
19,5,11,14,15,2,1,46.7173347473,-116.9917068481
19,5,11,14,25,55,1,46.7173080444,-116.9917221069
19,5,11,14,36,46,0,46.7174224853,-116.9916839599
19,5,11,14,47,40,1,46.7173767089,-116.9916305541
19,5,11,14,58,33,1,46.7173271179,-116.9919281005
19,5,11,15,9,24,1,46.7173500061,-116.9918060302
19,5,11,15,20,16,1,46.7174224853,-116.9912719726
19,5,11,15,31,15,1,46.7173385620,-116.9912185668
19,5,11,15,42,34,1,46.7173271179,-116.9916839599
19,5,11,15,53,25,1,46.7173423767,-116.9917221069
19,5,11,16,4,19,1,46.7174072265,-116.9917449951
19,5,11,16,15,13,1,46.7173805236,-116.9917602539
19,5,11,16,26,5,1,46.7173004150,-116.9917297363
19,5,11,16,36,56,1,46.7174263000,-116.9917068481
19,5,11,16,47,48,1,46.7173767089,-116.9917221069
19,5,11,16,58,42,0,46.7176475524,-116.9918212890
19,5,11,17,9,36,1,46.7173652648,-116.9917221069
19,5,11,17,20,29,0,46.7172508239,-116.9916076660
19,5,11,17,31,26,1,46.7173843383,-116.9916534423
19,5,11,17,42,42,1,46.7174034118,-116.9916839599
19,5,11,17,53,35,1,46.7173881530,-116.9917297363
19,5,11,18,4,31,1,46.7173271179,-116.9915008544
19,5,11,18,15,24,0,46.7173080444,-116.9915390014
19,5,11,18,26,25,1,46.7173843383,-116.9918212890
19,5,11,18,37,50,1,46.7173805236,-116.9917068481
19,5,11,18,48,38,1,46.7173690795,-116.9917221069
19,5,11,18,59,32,1,46.7172775268,-116.9916458129
19,5,11,19,10,25,1,46.7172775268,-116.9917449951
19,5,11,19,21,15,1,46.7173042297,-116.9916915893
19,5,11,19,32,4,1,46.7173118591,-116.9916534423
19,5,11,19,42,55,1,46.7174682617,-116.9919738769
19,5,11,19,53,46,0,46.7173805236,-116.9918594360
19,5,11,20,4,37,0,46.7174530029,-116.9918365478
19,5,11,20,15,31,0,46.7176017761,-116.9918975830
19,5,11,20,26,25,0,46.7173767089,-116.9917221069
19,5,11,20,37,17,0,46.7173919677,-116.9917831420
19,5,11,20,48,6,0,46.7173233032,-116.9917297363
19,5,11,20,59,25,1,46.7173652648,-116.9917221069
19,5,11,21,10,17,0,46.7174491882,-116.9917678833
19,5,11,21,21,8,1,46.7173461914,-116.9916839599
19,5,11,21,31,57,0,46.7173309326,-116.9915390014
19,5,11,21,43,29,1,46.7172889709,-116.9915771484
19,5,11,21,54,18,0,46.7173500061,-116.9916915893
19,5,11,22,5,10,0,46.7173004150,-116.9916839599
19,5,11,22,15,59,1,46.7173194885,-116.9916915893
19,5,11,22,27,23,1,46.7174835205,-116.9919128417
19,5,11,22,38,32,1,46.7173538208,-116.9916687011
19,5,11,22,49,21,1,46.7173461914,-116.9916458129
19,5,11,23,0,14,1,46.7173538208,-116.9916839599
19,5,11,23,11,6,1,46.7173881530,-116.9917297363
19,5,11,23,21,58,1,46.7173500061,-116.9916915893
19,5,11,23,32,48,1,46.7172889709,-116.9916534423
19,5,11,23,43,40,1,46.7175254821,-116.9924392700
19,5,13,17,10,32,1,46.7295227050,-117.0121765136
19,5,13,17,21,23,1,46.7295532226,-117.0121231079
19,5,13,17,32,10,1,46.7295036315,-117.0119934082
19,5,13,17,42,58,1,46.7296447753,-117.0118179321
19,5,13,17,54,18,1,46.7294807434,-117.0122222900
19,5,13,18,5,5,0,46.7293853759,-117.0121231079
19,5,13,18,15,51,0,46.7294120788,-117.0121612548
19,5,13,18,27,2,1,46.7294692993,-117.0121994018
19,5,13,18,37,49,0,46.7294769287,-117.0122528076
19,5,13,18,48,36,1,46.7294998168,-117.0121994018
19,5,13,18,59,56,1,46.7294387817,-117.0121383666
19,5,13,19,10,43,1,46.7294883728,-117.0122375488
19,5,13,19,21,31,1,46.7294998168,-117.0121383666
19,5,13,19,32,49,1,46.7294425964,-117.0120239257
19,5,13,19,43,37,1,46.7295608520,-117.0125350952
19,5,13,19,54,26,1,46.7295188903,-117.0121002197
19,5,13,20,1,8,1,46.7294387817,-117.0121383666
19,5,13,20,12,11,1,46.7294349670,-117.0122146606
19,5,13,20,23,3,0,46.7295150756,-117.0115966796
19,5,13,20,33,57,1,46.7295532226,-117.0110626220
19,5,13,20,44,52,1,46.7294464111,-117.0119171142
19,5,13,20,56,1,1,46.7295227050,-117.0121994018
19,5,13,21,6,51,0,46.7295265197,-117.0122528076
19,5,13,21,17,40,1,46.7294387817,-117.0121841430
19,5,13,21,28,30,1,46.7295150756,-117.0122528076
19,5,13,21,39,20,1,46.7294998168,-117.0122604370
19,5,13,21,50,14,1,46.7293548583,-117.0121383666
19,5,13,22,1,3,1,46.7294998168,-117.0122756958
19,5,13,22,12,26,1,46.7294807434,-117.0122222900
19,5,13,22,23,17,1,46.7294578552,-117.0121841430
19,5,13,22,34,11,1,46.7294960021,-117.0121765136
19,5,13,22,45,5,1,46.7294502258,-117.0121459960
19,5,13,22,55,59,1,46.7295188903,-117.0121078491
19,5,13,23,6,56,1,46.7294845581,-117.0120620727
19,5,13,23,18,2,1,46.7297058105,-117.0123138427
0,0,0,0,0,0,0,0,0
0,0,0,0,0,0,0,0,0
0,0,0,0,0,0,0,0,0
0,0,0,0,0,0,0,0,0
19,5,15,0,33,41,1,46.7174377441,-116.9918365478
0,0,0,0,0,0,0,0,0
0,0,0,0,0,0,0,0,0
0,0,0,0,0,0,0,0,0
0,0,0,0,0,0,0,0,0
0,0,0,0,0,0,0,0,0
0,0,0,0,0,0,0,0,0
0,0,0,0,0,0,0,0,0
0,0,0,0,0,0,0,0,0
19,5,15,2,27,50,1,46.7294998168,-117.0107498168
19,5,15,2,39,48,1,46.7294616699,-117.0118789672
19,5,15,2,51,58,1,46.7295608520,-117.0127410888
0,0,0,0,0,0,0,0,0
19,5,15,3,16,43,1,46.7296142578,-117.0120849609
0,0,0,0,0,0,0,0,0
0,0,0,0,0,0,0,0,0
0,0,0,0,0,0,0,0,0
0,0,0,0,0,0,0,0,0
0,0,0,0,0,0,0,0,0
19,5,15,15,13,32,1,46.7294883728,-117.0121459960
19,5,15,15,24,25,1,46.7294425964,-117.0121841430
19,5,15,15,35,16,1,46.7295188903,-117.0122222900
19,5,15,15,46,5,1,46.7294273376,-117.0121841430
19,5,15,15,56,56,1,46.7294616699,-117.0121383666
19,5,15,16,7,45,1,46.7294540405,-117.0122146606
19,5,15,16,19,6,1,46.7294807434,-117.0122146606
19,5,15,16,30,0,1,46.7294845581,-117.0122528076
19,5,15,16,40,49,1,46.7294921875,-117.0122528076
19,5,15,16,51,38,1,46.7295379638,-117.0122375488
19,5,15,17,2,27,1,46.7294883728,-117.0121459960
19,5,15,17,13,49,1,46.7295036315,-117.0122146606
19,5,15,17,24,7,1,46.7294731140,-117.0121765136
19,5,15,17,35,1,1,46.7292823791,-117.0126953125
19,5,15,17,45,53,0,46.7294235229,-117.0121841430
19,5,15,17,56,43,1,46.7294349670,-117.0121612548
19,5,15,18,7,36,1,46.7294273376,-117.0122146606
19,5,15,18,18,28,1,46.7294387817,-117.0122146606
19,5,15,18,29,24,1,46.7293853759,-117.0120620727
19,5,15,18,40,35,1,46.7294807434,-117.0122375488
19,5,15,18,51,26,0,46.7294807434,-117.0122222900
19,5,15,19,2,14,0,46.7294960021,-117.0123138427
19,5,15,19,13,2,1,46.7294578552,-117.0121765136
19,5,15,19,23,52,0,46.7294769287,-117.0121383666
19,5,15,19,35,2,1,46.7294502258,-117.0120849609
19,5,15,19,45,55,1,46.7294120788,-117.0120620727
19,5,15,19,56,44,1,46.7293739318,-117.0121002197
19,5,15,20,7,36,1,46.7293243408,-117.0121231079
19,5,15,20,18,28,1,46.7293624877,-117.0120697021
19,5,15,20,29,18,1,46.7294082641,-117.0120468139
19,5,15,20,40,9,1,46.7294006347,-117.0119857788
19,5,15,20,51,33,1,46.7294731140,-117.0122146606
19,5,15,21,2,22,1,46.7294807434,-117.0122985839
19,5,15,21,13,11,1,46.7294387817,-117.0122146606
19,5,15,21,24,1,1,46.7294692993,-117.0122222900
19,5,15,21,34,50,1,46.7261047363,-117.0107040405
19,5,15,21,45,43,0,46.7218704223,-117.0096511840
19,5,15,21,56,37,0,46.7223510742,-117.0100631713
19,5,15,22,7,28,1,46.7220306396,-117.0096817016
19,5,15,22,18,20,0,46.7222328186,-117.0098953247
19,5,15,22,29,11,1,46.7221107482,-117.0096511840
19,5,15,22,40,16,1,46.7213973999,-117.0087661743
19,5,15,22,51,19,1,46.7211189270,-117.0080108642
19,5,15,23,2,9,1,0.2833333015,1.3833333206
19,5,15,23,13,31,1,46.7220535278,-117.0095596313
19,5,15,23,24,25,0,46.7217407226,-117.0095596313
19,5,15,23,35,17,1,46.7217979431,-117.0095748901
19,5,15,23,46,6,0,46.7218971252,-117.0095596313
19,5,15,23,56,58,1,46.7222785949,-117.0095748901
19,5,16,0,7,55,1,46.7217864990,-117.0095901489
19,5,16,0,18,56,1,46.7219924926,-117.0097656250
19,5,16,0,29,58,1,46.7213973999,-117.0095214843
19,5,16,0,40,51,1,46.7226715087,-117.0095977783
19,5,16,0,51,43,1,46.7212753295,-117.0095214843
19,5,16,1,3,4,1,46.7221336364,-117.0099563598
19,5,16,1,13,58,1,46.7220726013,-117.0097198486
19,5,16,1,24,53,1,46.7217674255,-117.0093078613
19,5,16,1,35,45,1,46.7218017578,-117.0095596313
19,5,16,1,46,36,0,46.7219314575,-117.0093841552
19,5,16,1,57,33,1,46.7218399047,-117.0095138549
19,5,16,2,8,25,1,46.7221069335,-117.0094604492
19,5,16,2,19,20,1,46.7216148376,-117.0096130371
19,5,16,2,30,13,1,46.7217292785,-117.0094985961
19,5,16,2,41,32,1,46.7218971252,-117.0096282958
19,5,16,2,52,29,1,46.7218055725,-117.0095138549
19,5,16,3,3,19,0,46.7219772338,-117.0095596313
19,5,16,3,14,11,0,46.7219238281,-117.0092697143
19,5,16,3,25,2,1,46.7216300964,-117.0096817016
19,5,16,3,35,55,1,46.7217407226,-117.0094757080
19,5,16,3,46,58,1,46.7222023010,-117.0092849731
19,5,16,3,58,9,1,46.7212028503,-117.0102310180
19,5,16,4,9,32,1,46.7218322753,-117.0099487304
19,5,16,4,20,24,0,46.7218971252,-117.0093688964
19,5,16,4,31,19,1,46.7220573425,-117.0094223022
19,5,16,4,42,12,1,46.7219009399,-117.0092926025
19,5,16,4,53,9,1,46.7220001220,-117.0093231201
19,5,16,5,4,1,1,46.7216148376,-117.0090637207
19,5,16,5,15,0,1,46.7224693298,-117.0092315673
19,5,16,5,26,20,1,46.7219276428,-117.0095520019
19,5,16,5,37,13,1,46.7219924926,-117.0095901489
19,5,16,5,48,4,0,46.7223968505,-117.0094070434
19,5,16,5,58,56,1,46.7221374511,-117.0099105834
19,5,16,6,9,50,1,46.7219123840,-117.0095214843
19,5,16,6,20,50,1,46.7217674255,-117.0093841552
19,5,16,6,31,49,1,46.7216949462,-117.0087432861
19,5,16,6,42,45,1,46.7216949462,-117.0092697143
19,5,16,6,53,40,1,46.7216453552,-117.0094223022
19,5,16,7,5,2,1,46.7218704223,-117.0094451904
19,5,16,7,15,54,1,46.7217063903,-117.0098800659
19,5,16,7,26,45,1,46.7219238281,-117.0102691650
19,5,16,7,37,38,0,46.7222709655,-117.0092391967
19,5,16,7,48,30,1,46.7219314575,-117.0097274780
19,5,16,7,59,24,1,46.7219009399,-117.0093460083
19,5,16,8,10,17,1,46.7225761413,-117.0094757080
19,5,16,8,21,12,1,46.7218132019,-117.0096817016
19,5,16,8,32,5,1,46.7219276428,-117.0095901489
19,5,16,8,42,57,0,46.7214927673,-117.0098342895
19,5,16,8,54,18,1,46.7217216491,-117.0094757080
19,5,16,9,5,12,1,46.7219734191,-117.0094451904
19,5,16,9,16,7,1,46.7218704223,-117.0095367431
19,5,16,9,27,2,1,46.7218704223,-117.0095520019
19,5,16,9,37,56,1,46.7219123840,-117.0093460083
19,5,16,9,48,50,1,46.7219161987,-117.0095367431
19,5,16,10,0,1,1,46.7217483520,-117.0095977783
19,5,16,10,10,53,1,46.7220954895,-117.0095520019
19,5,16,10,21,47,1,46.7219963073,-117.0096130371
19,5,16,10,32,51,1,46.7214508056,-117.0092315673
19,5,16,10,43,45,1,46.7221374511,-117.0096664428
19,5,16,10,54,47,1,46.7219009399,-117.0097427368
19,5,16,11,6,2,1,46.7219657897,-117.0095367431
19,5,16,11,16,53,1,46.7218666076,-117.0095596313
19,5,16,11,27,48,1,46.7216567993,-117.0096893310
19,5,16,11,38,42,1,46.7220039367,-117.0095596313
19,5,16,11,49,39,1,46.7219619750,-117.0095748901
19,5,16,12,0,34,1,46.7216072082,-117.0096435546
19,5,16,12,11,27,1,46.7217140197,-117.0096282958
19,5,16,12,22,37,1,46.7226295471,-117.0094985961
19,5,16,12,33,34,1,46.7218742370,-117.0091934204
19,5,16,12,44,39,1,46.7222518920,-117.0096817016
19,5,16,12,55,40,1,46.7218666076,-117.0092926025
19,5,16,13,7,2,1,46.7220611572,-117.0098953247
19,5,16,13,17,51,1,46.7221527099,-117.0096511840
19,5,16,13,28,41,1,46.7223205566,-117.0096435546
19,5,16,13,39,31,0,46.7218933105,-117.0095138549
19,5,16,13,50,23,1,46.7219848632,-117.0095748901
19,5,16,14,1,15,0,46.7215309143,-117.0095596313
19,5,16,14,12,32,1,46.7219314575,-117.0095214843
19,5,16,14,23,27,1,46.7219352722,-117.0096282958
19,5,16,14,34,19,1,46.7219734191,-117.0095214843
19,5,16,14,45,11,1,46.7218322753,-117.0093078613
19,5,16,14,56,2,1,46.7215194702,-117.0095748901
19,5,16,15,6,53,1,46.7215614318,-117.0095901489
19,5,16,15,17,46,1,46.7218551635,-117.0095520019
19,5,16,15,28,40,1,46.7219085693,-117.0091247558
19,5,16,15,39,32,1,46.7219810485,-117.0095520019
19,5,16,15,50,24,1,46.7219924926,-117.0094757080
19,5,16,16,1,17,1,46.7219734191,-117.0091247558
19,5,16,16,12,14,1,46.7221717834,-117.0097198486
19,5,16,16,23,16,1,46.7219352722,-117.0090255737
19,5,16,16,34,10,1,46.7217254638,-117.0092544555
19,5,16,16,45,8,1,46.7219543457,-117.0095901489
19,5,16,16,56,26,1,46.7223320007,-117.0093307495
19,5,16,17,7,17,1,46.7222976684,-117.0092010498
19,5,16,17,18,8,1,46.7218589782,-117.0095596313
19,5,16,17,29,2,1,46.7224922180,-117.0090789794
19,5,16,17,39,53,1,46.7216949462,-117.0094451904
19,5,16,17,50,47,1,46.7218780517,-117.0095977783
19,5,16,18,2,2,1,46.7218933105,-117.0095748901
19,5,16,18,12,52,0,46.7215576171,-117.0096511840
19,5,16,18,23,46,1,46.7221946716,-117.0095596313
19,5,16,18,34,43,1,46.7219161987,-117.0094070434
19,5,16,18,45,35,1,46.7218818664,-117.0097274780
19,5,16,18,56,29,0,46.7219276428,-117.0093078613
19,5,16,19,7,28,1,46.7216148376,-117.0092926025
19,5,16,19,18,28,1,46.7217903137,-117.0094070434
19,5,16,19,29,30,1,46.7218513488,-117.0096893310
19,5,16,19,40,26,1,46.7224464416,-117.0100250244
19,5,16,19,51,37,1,46.7220230102,-117.0097427368
19,5,16,20,2,34,1,46.7219467163,-117.0095520019
19,5,16,20,13,37,1,46.7220687866,-117.0095138549
19,5,16,20,24,32,1,46.7214164733,-117.0093841552
19,5,16,20,35,35,1,46.7226753234,-117.0094070434
19,5,16,20,46,45,1,46.7242126464,-117.0096435546
19,5,16,20,57,45,1,46.7222175598,-117.0086822509
19,5,16,21,9,4,1,46.7218475341,-117.0095748901
19,5,16,21,19,58,1,46.7217750549,-117.0094451904
19,5,16,21,30,52,1,46.7218322753,-117.0096817016
19,5,16,21,41,43,0,46.7220420837,-117.0094985961
19,5,16,21,52,34,1,46.7218933105,-117.0094833374
19,5,16,22,3,25,1,46.7219314575,-117.0095138549
19,5,16,22,14,16,1,46.7216148376,-117.0093688964
19,5,16,22,25,33,1,46.7217407226,-117.0095138549
19,5,16,22,36,28,1,46.7218208312,-117.0093612670
19,5,16,22,47,28,1,46.7215003967,-117.0098419189
19,5,16,22,58,52,1,46.7219657897,-117.0094604492
19,5,16,23,9,50,1,46.7218475341,-117.0097656250
19,5,16,23,20,41,1,46.7210540771,-117.0087432861
19,5,16,23,31,32,1,46.7220993041,-117.0092926025
19,5,16,23,42,25,1,46.7218666076,-117.0093612670
19,5,16,23,53,17,1,46.7215538024,-117.0091552734
19,5,17,0,4,12,0,46.7218284606,-117.0095748901
19,5,17,0,15,4,1,46.7216758728,-117.0096511840
19,5,17,0,25,59,1,46.7218742370,-117.0097656250
19,5,17,0,36,53,1,46.7219123840,-117.0097274780
19,5,17,0,47,46,1,46.7218894958,-117.0096664428
19,5,17,0,58,38,1,46.7220420837,-117.0096130371
19,5,17,1,10,1,1,46.7219200134,-117.0096130371
19,5,17,1,20,55,0,46.7218322753,-117.0095748901
19,5,17,1,31,48,1,46.7219543457,-117.0095977783
19,5,17,1,42,40,1,46.7219505310,-117.0094451904
19,5,17,1,53,31,1,46.7223510742,-117.0096664428
19,5,17,2,4,22,1,46.7219314575,-117.0094985961
19,5,17,2,15,42,1,46.7220420837,-117.0095367431
19,5,17,2,26,35,1,46.7221527099,-117.0097198486
19,5,17,2,37,34,1,46.7220497131,-117.0096282958
19,5,17,2,48,30,1,46.7217636108,-117.0095214843
19,5,17,2,59,28,1,46.7221298217,-117.0095520019
19,5,17,3,10,23,1,46.7223358154,-117.0100860595
19,5,17,3,21,31,1,46.7219924926,-117.0095367431
19,5,17,3,32,39,1,46.7221908569,-117.0094985961
19,5,17,3,44,1,1,46.7218284606,-117.0094985961
19,5,17,3,54,53,1,46.7219657897,-117.0096435546
19,5,17,4,5,46,1,46.7217292785,-117.0098342895
19,5,17,4,16,41,1,46.7218742370,-117.0094985961
19,5,17,4,27,36,1,46.7220611572,-117.0096130371
19,5,17,4,38,37,1,46.7217979431,-117.0094757080
19,5,17,4,49,42,1,46.7220344543,-117.0093460083
19,5,17,5,1,1,1,46.7218704223,-117.0094833374
19,5,17,5,11,55,1,46.7218170166,-117.0094757080
19,5,17,5,22,48,1,46.7220497131,-117.0095901489
19,5,17,5,33,41,0,46.7218208312,-117.0094757080
19,5,17,5,44,37,1,46.7216224670,-117.0094604492
19,5,17,5,55,30,1,46.7224884033,-117.0098037719
19,5,17,6,6,27,1,46.7215919494,-117.0096130371
19,5,17,6,17,19,1,46.7224235534,-117.0095977783
19,5,17,6,28,10,0,46.7216110229,-117.0095520019
19,5,17,6,39,32,1,46.7217445373,-117.0095748901
19,5,17,6,50,32,1,46.7224998474,-117.0093994140
19,5,17,7,1,25,0,46.7214927673,-117.0096282958
19,5,17,7,12,17,1,46.7212181091,-117.0094985961
19,5,17,7,23,11,1,46.7214431762,-117.0095138549
19,5,17,7,34,4,1,46.7227058410,-117.0096511840
19,5,17,7,44,57,1,46.7219161987,-117.0094375610
19,5,17,7,56,12,1,46.7218780517,-117.0093231201
19,5,17,8,7,9,1,46.7227592468,-117.0093307495
19,5,17,8,18,2,1,46.7219924926,-117.0093460083
19,5,17,8,29,4,1,46.7248535156,-117.0087203979
19,5,17,8,39,57,1,46.7226066589,-117.0093612670
19,5,17,8,50,56,1,46.7269477844,-117.0090408325
19,5,17,9,1,53,1,46.7223892211,-117.0092010498
19,5,17,9,13,0,1,46.7219886779,-117.0093841552
19,5,17,9,23,54,1,46.7214317321,-117.0096893310
19,5,17,9,34,47,1,46.7216453552,-117.0095367431
19,5,17,9,45,41,1,46.7219657897,-117.0094451904
19,5,17,9,56,39,1,46.7215270996,-117.0096282958
19,5,17,10,8,4,1,46.7226142883,-117.0092010498
19,5,17,10,18,56,0,46.7221069335,-117.0097274780
19,5,17,10,29,48,0,46.7221527099,-117.0094757080
19,5,17,10,40,40,1,46.7218551635,-117.0093688964
19,5,17,10,51,35,1,46.7217941284,-117.0098800659
19,5,17,11,2,34,1,46.7220726013,-117.0095901489
19,5,17,11,13,27,1,46.7219276428,-117.0094451904
19,5,17,11,24,42,1,46.7219429016,-117.0096282958
19,5,17,11,35,35,1,46.7212944030,-117.0092391967
19,5,17,11,46,30,1,46.7221107482,-117.0096130371
19,5,17,11,57,24,1,46.7220344543,-117.0095901489
19,5,17,12,8,18,1,46.7219123840,-117.0095901489
19,5,17,12,19,12,1,46.7216110229,-117.0103454589
19,5,17,12,30,6,1,46.7218322753,-117.0096664428
19,5,17,12,41,31,1,46.7220802307,-117.0094833374
19,5,17,12,52,24,1,46.7219238281,-117.0095520019
19,5,17,13,3,30,1,46.7232627868,-117.0159149169
19,5,17,13,14,40,1,46.7219238281,-117.0095214843
19,5,17,13,25,43,1,46.7226753234,-117.0095748901
19,5,17,13,37,2,1,46.7219543457,-117.0095520019
19,5,17,13,47,56,1,46.7220039367,-117.0095748901
19,5,17,13,58,48,1,46.7219924926,-117.0096664428
19,5,17,14,9,43,1,46.7216949462,-117.0096130371
19,5,17,14,20,37,1,46.7217559814,-117.0095214843
19,5,17,14,31,29,1,46.7219467163,-117.0095367431
19,5,17,14,42,55,1,46.7220535278,-117.0094757080
19,5,17,14,53,54,1,46.7222328186,-117.0094223022
19,5,17,15,5,10,1,46.7223892211,-117.0095138549
19,5,17,15,16,7,1,46.7217140197,-117.0094604492
19,5,17,15,27,6,1,46.7220878601,-117.0094757080
19,5,17,15,38,5,1,46.7218933105,-117.0094985961
19,5,17,15,48,59,1,46.7218780517,-117.0094375610
19,5,17,15,59,57,1,46.7220306396,-117.0097045898
19,5,17,16,11,2,1,46.7221031188,-117.0095748901
19,5,17,16,22,7,1,46.7221565246,-117.0096893310
19,5,17,16,33,31,1,46.7219390869,-117.0095214843
19,5,17,16,44,27,1,46.7218933105,-117.0089721679
19,5,17,16,55,22,1,46.7219314575,-117.0095977783
19,5,17,17,6,21,1,46.7220764160,-117.0095901489
19,5,17,17,17,25,1,46.7219238281,-117.0095977783
19,5,17,17,28,21,1,46.7219772338,-117.0093612670
19,5,17,17,39,17,1,46.7222557067,-117.0090484619
19,5,17,17,50,24,1,46.7216720581,-117.0104751586
19,5,17,18,1,42,1,46.7218132019,-117.0094604492
19,5,17,18,12,50,1,46.7220115661,-117.0087280273
19,5,17,18,24,16,1,46.7219734191,-117.0084991455
19,5,17,18,35,10,1,46.7217864990,-117.0095367431
19,5,17,18,46,4,1,46.7218437194,-117.0092315673
19,5,17,18,56,57,1,46.7217979431,-117.0094223022
19,5,17,19,7,52,1,46.7218933105,-117.0093612670
19,5,17,19,18,50,1,46.7218780517,-117.0092391967
19,5,17,19,29,45,1,46.7218704223,-117.0094451904
19,5,17,19,41,2,1,46.7217826843,-117.0093688964
19,5,17,19,51,56,0,46.7220306396,-117.0093078613
19,5,17,20,3,26,1,46.7218513488,-117.0094223022
19,5,17,20,14,23,1,46.7217674255,-117.0094757080
19,5,17,20,25,18,1,46.7218284606,-117.0095520019
19,5,17,20,36,12,1,46.7219123840,-117.0093841552
19,5,17,20,47,5,1,46.7221527099,-117.0091247558
19,5,17,20,57,59,1,46.7218360900,-117.0098342895
19,5,17,21,8,55,1,46.7219505310,-117.0094985961
19,5,17,21,19,48,1,46.7218856811,-117.0089721679
19,5,17,21,30,44,1,46.7219467163,-117.0096664428
19,5,17,21,41,43,1,46.7216835021,-117.0105133056
19,5,17,21,53,10,1,46.7218513488,-117.0095901489
19,5,17,22,4,4,0,46.7218627929,-117.0095138549
19,5,17,22,14,56,1,46.7219772338,-117.0091781616
19,5,17,22,25,50,1,46.7216987609,-117.0093231201
19,5,17,22,36,44,1,46.7217369079,-117.0092697143
19,5,17,22,47,43,1,46.7216987609,-117.0091552734
19,5,17,22,58,38,1,46.7215347290,-117.0091629028
19,5,17,23,9,58,1,46.7220306396,-117.0096282958
19,5,17,23,20,50,1,46.7221794128,-117.0094833374
19,5,17,23,31,43,1,46.7220535278,-117.0095214843
19,5,17,23,42,38,1,46.7218513488,-117.0094604492
19,5,17,23,54,1,1,46.7218856811,-117.0095138549
19,5,18,0,4,52,1,46.7218780517,-117.0094757080
19,5,18,0,15,47,1,46.7218246459,-117.0094604492
19,5,18,0,26,40,1,46.7218246459,-117.0095520019
19,5,18,0,37,33,1,46.7217369079,-117.0095596313
19,5,18,0,48,25,0,46.7219505310,-117.0095596313
19,5,18,0,59,49,1,46.7218437194,-117.0094604492
19,5,18,1,10,55,1,46.7218856811,-117.0095367431
19,5,18,1,21,50,1,46.7219543457,-117.0093994140
19,5,18,1,32,46,1,46.7233505249,-117.0074005126
19,5,18,1,43,41,1,46.7222595214,-117.0091934204
19,5,18,1,54,39,1,46.7220115661,-117.0100631713
19,5,18,2,6,14,1,46.7218246459,-117.0095367431
19,5,18,2,17,8,1,46.7218742370,-117.0092391967
19,5,18,2,27,59,1,46.7218589782,-117.0093688964
19,5,18,2,38,51,1,46.7218704223,-117.0093612670
19,5,18,2,49,44,1,46.7218780517,-117.0095977783
19,5,18,3,0,40,1,46.7218170166,-117.0099563598
19,5,18,3,11,44,1,46.7220687866,-117.0093307495
19,5,18,3,22,37,1,46.7219123840,-117.0092849731
19,5,18,3,33,59,1,46.7218322753,-117.0095367431
19,5,18,3,44,50,1,46.7218589782,-117.0094757080
19,5,18,3,55,46,1,46.7218246459,-117.0092544555
19,5,18,4,6,38,1,46.7217559814,-117.0093688964
19,5,18,4,17,32,0,46.7219543457,-117.0094833374
19,5,18,4,28,24,1,46.7219238281,-117.0095367431
19,5,18,4,40,49,1,46.7219390869,-117.0096817016
19,5,18,4,51,45,1,46.7220344543,-117.0094833374
19,5,18,5,2,45,1,46.7220191955,-117.0096664428
19,5,18,5,13,43,1,46.7221794128,-117.0096817016
19,5,18,5,25,2,1,46.7220687866,-117.0094223022
19,5,18,5,35,56,1,46.7217445373,-117.0095214843
19,5,18,5,46,49,1,46.7219505310,-117.0094833374
19,5,18,5,57,40,1,46.7220039367,-117.0096664428
19,5,18,6,8,33,1,46.7216529846,-117.0094451904
19,5,18,6,19,30,1,46.7220916748,-117.0094451904
19,5,18,6,30,25,1,46.7218551635,-117.0094833374
19,5,18,6,41,18,1,46.7218093872,-117.0094223022
19,5,18,6,52,39,1,46.7218818664,-117.0094833374
19,5,18,7,3,34,1,46.7221374511,-117.0095596313
19,5,18,7,14,30,1,46.7218933105,-117.0094757080
19,5,18,7,25,23,1,46.7221298217,-117.0096817016
19,5,18,7,36,44,1,46.7219123840,-117.0094757080
19,5,18,7,47,38,1,46.7217750549,-117.0095977783
19,5,18,7,58,31,1,46.7217178344,-117.0096817016
19,5,18,8,9,24,1,46.7217140197,-117.0096282958
19,5,18,8,20,18,1,46.7219123840,-117.0094604492
19,5,18,8,31,15,1,46.7216644287,-117.0096282958
19,5,18,8,42,10,1,46.7221717834,-117.0094833374
19,5,18,8,53,14,1,46.7220458984,-117.0095367431
19,5,18,9,4,30,1,46.7218856811,-117.0095367431
19,5,18,9,15,24,1,46.7218322753,-117.0095596313
19,5,18,9,26,15,1,46.7221107482,-117.0094757080
19,5,18,9,37,7,1,46.7217903137,-117.0094757080
19,5,18,9,48,31,1,46.7218208312,-117.0094985961
19,5,18,9,59,41,1,46.7220573425,-117.0096435546
19,5,18,10,10,36,1,46.7219390869,-117.0095520019
19,5,18,10,21,39,1,46.7222862243,-117.0095138549
19,5,18,10,32,34,1,46.7220611572,-117.0096893310
19,5,18,10,43,29,1,46.7219886779,-117.0099716186
19,5,18,10,54,23,1,46.7219467163,-117.0096511840
19,5,18,11,5,37,1,46.7220649719,-117.0095520019
19,5,18,11,16,35,1,46.7218742370,-117.0094985961
19,5,18,11,27,40,1,46.7218093872,-117.0095596313
19,5,18,11,38,33,1,46.7215538024,-117.0096282958
19,5,18,11,49,30,1,46.7217483520,-117.0093841552
19,5,18,12,0,27,1,46.7218818664,-117.0096435546
19,5,18,12,11,21,1,46.7218551635,-117.0094833374
19,5,18,12,22,18,1,46.7218933105,-117.0097579956
19,5,18,12,33,32,1,46.7218170166,-117.0093688964
19,5,18,12,44,36,1,46.7223281860,-117.0105209350
19,5,18,12,56,2,1,46.7218132019,-117.0094223022
19,5,18,13,6,55,1,46.7218704223,-117.0095901489
19,5,18,13,17,52,1,46.7218055725,-117.0095520019
19,5,18,13,28,48,1,46.7219123840,-117.0094604492
19,5,18,13,39,46,1,46.7217941284,-117.0094985961
19,5,18,13,50,47,1,46.7205238342,-117.0095977783
19,5,18,14,1,47,1,46.7217025756,-117.0095520019
19,5,18,14,12,40,1,46.7216262817,-117.0091629028
19,5,18,14,23,38,1,46.7220230102,-117.0095977783
19,5,18,14,34,59,1,46.7218246459,-117.0096435546
19,5,18,14,46,0,1,46.7216529846,-117.0093688964
19,5,18,14,56,51,1,46.7219200134,-117.0095520019
19,5,18,15,7,47,1,46.7217254638,-117.0093231201
19,5,18,15,18,43,0,46.7218742370,-117.0095901489
19,5,18,15,29,45,1,46.7217445373,-117.0093231201
19,5,18,15,41,3,1,46.7218704223,-117.0094451904
19,5,18,15,52,0,1,46.7217750549,-117.0094985961
19,5,18,16,2,53,1,46.7217025756,-117.0095596313
19,5,18,16,13,44,1,46.7218322753,-117.0093460083
19,5,18,16,24,36,0,46.7219924926,-117.0095901489
19,5,18,16,35,28,1,46.7224807739,-117.0092849731
19,5,18,16,46,55,1,46.7219161987,-117.0092315673
19,5,18,16,57,54,1,46.7219848632,-117.0093231201
19,5,18,17,9,9,1,46.7217826843,-117.0095214843
19,5,18,17,20,8,1,46.7219848632,-117.0093612670
19,5,18,17,31,2,1,46.7218742370,-117.0095596313
19,5,18,17,41,56,1,46.7218971252,-117.0095520019
19,5,18,17,52,49,1,46.7218284606,-117.0091781616
19,5,18,18,3,48,1,46.7219352722,-117.0093460083
19,5,18,18,15,4,1,46.7220039367,-117.0094757080
19,5,18,18,26,0,1,46.7214698791,-117.0093994140
19,5,18,18,37,10,1,46.7218856811,-117.0094833374
19,5,18,18,48,4,1,46.7218894958,-117.0094757080
19,5,18,18,58,58,0,46.7218093872,-117.0095367431
19,5,18,19,9,48,0,46.7218513488,-117.0094833374
19,5,18,19,20,42,0,46.7218437194,-117.0093688964
19,5,18,19,31,35,0,46.7218589782,-117.0092926025
19,5,18,19,42,31,1,46.7218589782,-117.0096511840
19,5,18,19,53,39,1,46.7217254638,-117.0094223022
19,5,18,20,4,39,1,46.7218627929,-117.0093460083
19,5,18,20,15,39,1,46.7218284606,-117.0092544555
19,5,18,20,26,59,1,46.7220726013,-117.0093231201
19,5,18,20,37,59,1,46.7217330932,-117.0096511840
19,5,18,20,49,1,1,46.7218933105,-117.0081405639
19,5,18,21,0,6,1,46.7221527099,-117.0076675415
19,5,18,21,11,26,1,46.7218475341,-117.0094757080
19,5,18,21,22,17,1,46.7218666076,-117.0096130371
19,5,18,21,33,12,1,46.7217254638,-117.0092315673
19,5,18,21,44,2,1,46.7220535278,-117.0094985961
19,5,18,21,54,59,1,46.7219848632,-117.0095520019
19,5,18,22,5,53,1,46.7219009399,-117.0093841552
19,5,18,22,16,47,1,46.7218742370,-117.0094604492
19,5,18,22,27,40,1,46.7219696044,-117.0094451904
19,5,18,22,38,40,1,46.7222480773,-117.0099105834
19,5,18,22,50,5,1,46.7219467163,-117.0093612670
19,5,18,23,0,56,1,46.7220916748,-117.0093841552
19,5,18,23,11,48,0,46.7221183776,-117.0094604492
19,5,18,23,22,41,0,46.7219352722,-117.0093994140
19,5,18,23,33,36,1,46.7232780456,-117.0085525512
19,5,18,23,44,27,1,46.7219047546,-117.0094604492
19,5,18,23,55,22,1,46.7218894958,-117.0096130371
19,5,19,0,6,15,0,46.7219505310,-117.0094985961
19,5,19,0,17,8,0,46.7217140197,-117.0095520019
19,5,19,0,28,0,0,46.7219009399,-117.0099563598
0,0,0,0,0,0,0,0,0
0,0,0,0,0,0,0,0,0
0,0,0,0,0,0,0,0,0
19,5,19,1,17,42,1,46.7218894958,-117.0094451904
19,5,19,1,28,34,1,46.7219123840,-117.0095367431
19,5,19,1,39,26,0,46.7220306396,-117.0093688964
19,5,19,1,50,20,1,46.7218933105,-117.0092010498
19,5,19,2,1,19,1,46.7220001220,-117.0094375610
19,5,19,2,12,14,1,46.7217941284,-117.0094985961
19,5,19,2,23,7,1,46.7218170166,-117.0093078613
19,5,19,2,34,9,1,46.7219581604,-117.0096130371
19,5,19,2,45,1,1,46.7217369079,-117.0093307495
19,5,19,2,55,55,1,46.7219810485,-117.0095977783
19,5,19,3,6,49,1,46.7220726013,-117.0096282958
19,5,19,3,17,44,1,46.7219772338,-117.0098800659
19,5,19,3,28,40,1,46.7220840454,-117.0095596313
19,5,19,3,40,3,1,46.7219505310,-117.0095748901
19,5,19,3,50,55,0,46.7218704223,-117.0092926025
19,5,19,4,1,47,1,46.7218933105,-117.0095520019
19,5,19,4,12,41,1,46.7219352722,-117.0094604492
19,5,19,4,23,36,1,46.7218284606,-117.0094757080
19,5,19,4,34,39,1,46.7218933105,-117.0095596313
19,5,19,4,45,34,0,46.7219429016,-117.0095520019
19,5,19,4,56,29,1,46.7229232788,-117.0091629028
19,5,19,5,7,21,0,46.7218666076,-117.0091934204
19,5,19,5,18,16,1,46.7219009399,-117.0097274780
19,5,19,5,29,8,1,46.7218666076,-117.0091781616
19,5,19,5,40,31,1,46.7217292785,-117.0096282958
19,5,19,5,51,24,1,46.7218055725,-117.0098419189
19,5,19,6,2,17,1,46.7217636108,-117.0089111328
19,5,19,6,13,10,1,46.7219085693,-117.0098190307
19,5,19,6,24,4,1,46.7218170166,-117.0094985961
19,5,19,6,34,56,0,46.7219543457,-117.0096130371
19,5,19,6,46,24,1,46.7219200134,-117.0094223022
19,5,19,6,57,16,1,46.7217140197,-117.0094375610
19,5,19,7,8,14,0,46.7221908569,-117.0092163085
19,5,19,7,19,5,1,46.7220230102,-117.0093460083
19,5,19,7,29,57,1,46.7217330932,-117.0096435546
19,5,19,7,40,58,1,46.7218856811,-117.0094223022
19,5,19,7,51,50,1,46.7218589782,-117.0095748901
19,5,19,8,2,44,1,46.7221603393,-117.0091781616
19,5,19,8,14,12,1,46.7218513488,-117.0094985961
19,5,19,8,25,6,1,46.7219314575,-117.0093688964
19,5,19,8,35,59,1,46.7219200134,-117.0094985961
19,5,19,8,46,53,1,46.7216758728,-117.0094604492
19,5,19,8,57,45,1,46.7216339111,-117.0096817016
19,5,19,9,8,42,1,46.7220840454,-117.0097274780
19,5,19,9,19,41,1,46.7219314575,-117.0095977783
19,5,19,9,30,34,1,46.7221183776,-117.0094375610
19,5,19,9,41,55,1,46.7218666076,-117.0094070434
19,5,19,9,52,47,1,46.7217750549,-117.0092391967
19,5,19,10,3,41,1,46.7217941284,-117.0096435546
19,5,19,10,14,33,0,46.7218933105,-117.0094451904
19,5,19,10,25,27,1,46.7218704223,-117.0094757080
19,5,19,10,36,19,1,46.7218055725,-117.0096435546
19,5,19,10,47,48,1,46.7219085693,-117.0096511840
19,5,19,10,58,44,1,46.7218704223,-117.0092697143
19,5,19,11,9,37,1,46.7218742370,-117.0093612670
19,5,19,11,20,34,1,46.7221946716,-117.0098037719
19,5,19,11,31,34,1,46.7218475341,-117.0093612670
19,5,19,11,42,34,1,46.7219696044,-117.0096435546
19,5,19,11,53,57,1,46.7222328186,-117.0074539184
19,5,19,12,4,59,1,46.7219352722,-117.0095977783
19,5,19,12,16,2,1,46.7218933105,-117.0099563598
19,5,19,12,27,27,1,46.7218551635,-117.0093994140
19,5,19,12,38,23,1,46.7219848632,-117.0098419189
19,5,19,12,49,31,1,46.7216377258,-117.0094070434
19,5,19,13,0,28,1,46.7218627929,-117.0093994140
19,5,19,13,11,23,1,46.7219123840,-117.0093460083
19,5,19,13,22,18,1,46.7217941284,-117.0093307495
19,5,19,13,33,23,1,46.7219810485,-117.0098190307
19,5,19,13,44,40,1,46.7215881347,-117.0095748901
19,5,19,13,55,40,1,46.7215690612,-117.0097198486
19,5,19,14,6,35,1,46.7222747802,-117.0090484619
19,5,19,14,17,30,1,46.7217674255,-117.0080795288
19,5,19,14,28,35,1,46.7216300964,-117.0087966918
19,5,19,14,39,43,1,46.7216911315,-117.0084457397
19,5,19,14,50,42,1,46.7218246459,-117.0095367431
19,5,19,15,2,1,1,46.7218742370,-117.0097045898
19,5,19,15,12,53,1,46.7218894958,-117.0094604492
19,5,19,15,23,45,1,46.7219543457,-117.0093841552
19,5,19,15,34,48,1,46.7218742370,-117.0095520019
19,5,19,15,45,39,1,46.7218170166,-117.0095367431
19,5,19,15,56,34,1,46.7218894958,-117.0094451904
19,5,19,16,7,43,1,46.7218627929,-117.0092849731
19,5,19,16,18,45,1,46.7216262817,-117.0097427368
19,5,19,16,30,2,1,46.7218856811,-117.0094451904
19,5,19,16,40,53,0,46.7219696044,-117.0093994140
19,5,19,16,51,49,1,46.7216949462,-117.0093460083
19,5,19,17,2,43,1,46.7219314575,-117.0093994140
19,5,19,17,13,35,1,46.7219810485,-117.0093994140
19,5,19,17,24,33,1,46.7220840454,-117.0091552734
19,5,19,17,35,39,1,46.7219467163,-117.0093612670
19,5,19,17,46,33,1,46.7220001220,-117.0094070434
19,5,19,17,57,27,1,46.7220458984,-117.0094070434
19,5,19,18,8,19,0,46.7221641540,-117.0090484619
19,5,19,18,19,20,1,46.7221221923,-117.0093460083
19,5,19,18,30,31,1,46.7218742370,-117.0094985961
19,5,19,18,41,22,0,46.7216262817,-117.0092697143
19,5,19,18,52,21,1,46.7215766906,-117.0094451904
19,5,19,19,3,12,1,46.7219505310,-117.0097045898
19,5,19,19,14,3,1,46.7217330932,-117.0094757080
19,5,19,19,25,1,1,46.7220153808,-117.0095748901
19,5,19,19,36,1,1,46.7218208312,-117.0094833374
19,5,19,19,47,10,1,46.7222290039,-117.0094833374
19,5,19,19,58,29,1,46.7219696044,-117.0094604492
19,5,19,20,9,19,1,46.7218742370,-117.0095596313
19,5,19,20,20,20,1,46.7224159240,-117.0092849731
19,5,19,20,31,26,1,46.7221298217,-117.0096817016
19,5,19,20,42,43,1,46.7227630615,-117.0090789794
19,5,19,20,53,36,1,46.7218780517,-117.0096435546
19,5,19,21,4,42,1,46.7219200134,-117.0094223022
19,5,19,21,15,35,1,46.7220611572,-117.0093994140
19,5,19,21,26,26,1,46.7219657897,-117.0095901489
19,5,19,21,37,17,1,46.7218894958,-117.0094985961
19,5,19,21,48,9,0,46.7215919494,-117.0094985961
19,5,19,21,59,31,1,46.7218971252,-117.0095367431
19,5,19,22,10,25,1,46.7219810485,-117.0096130371
19,5,19,22,21,14,1,46.7217750549,-117.0095520019
19,5,19,22,32,5,1,46.7216110229,-117.0094070434
19,5,19,22,43,0,1,46.7222709655,-117.0098419189
19,5,19,22,53,56,1,46.7214622497,-117.0095367431
19,5,19,23,4,55,1,46.7220535278,-117.0101165771
19,5,19,23,15,49,1,46.7218399047,-117.0096893310
19,5,19,23,26,40,1,46.7219543457,-117.0098724365
19,5,19,23,37,34,1,46.7217750549,-117.0095367431
19,5,19,23,48,42,1,46.7221183776,-117.0096130371
19,5,19,23,59,37,1,46.7220306396,-117.0098724365
19,5,20,0,10,58,1,46.7218627929,-117.0094451904
19,5,20,0,21,55,1,46.7217597961,-117.0094375610
19,5,20,0,32,49,1,46.7218437194,-117.0097427368
19,5,20,0,43,39,1,46.7217597961,-117.0088195800
19,5,20,0,54,30,1,46.7220153808,-117.0095977783
19,5,20,1,5,23,1,46.7218704223,-117.0099334716
19,5,20,1,16,16,1,46.7218322753,-117.0099868774
19,5,20,1,27,35,1,46.7221336364,-117.0094375610
19,5,20,1,38,27,1,46.7207260131,-117.0099563598
19,5,20,1,49,21,1,46.7215957641,-117.0095901489
19,5,20,2,0,12,1,46.7212409973,-117.0098037719
19,5,20,2,11,14,1,46.7216873168,-117.0093688964
19,5,20,2,22,7,1,46.7217254638,-117.0091018676
19,5,20,2,33,31,1,46.7217102050,-117.0094833374
19,5,20,2,44,24,1,46.7218856811,-117.0093841552
19,5,20,2,55,39,1,46.7218933105,-117.0094604492
19,5,20,3,6,33,1,46.7220115661,-117.0093460083
19,5,20,3,17,27,1,46.7219009399,-117.0093460083
19,5,20,3,28,21,1,46.7219543457,-117.0096130371
19,5,20,3,39,17,0,46.7218399047,-117.0093688964
19,5,20,3,50,13,1,46.7217063903,-117.0089645385
19,5,20,4,1,11,1,46.7217483520,-117.0091400146
19,5,20,4,12,40,1,46.7218513488,-117.0097808837
19,5,20,4,23,33,0,46.7218475341,-117.0097198486
19,5,20,4,35,9,1,46.7218437194,-117.0093307495
19,5,20,4,46,2,0,46.7217750549,-117.0094604492
19,5,20,4,56,54,1,46.7216949462,-117.0095977783
19,5,20,5,7,48,0,46.7218055725,-117.0095138549
19,5,20,5,18,40,0,46.7215957641,-117.0095748901
19,5,20,5,29,32,1,46.7218093872,-117.0099105834
19,5,20,5,40,57,1,46.7217979431,-117.0095596313
19,5,20,5,51,49,1,46.7219810485,-117.0088729858
19,5,20,6,2,40,1,46.7218475341,-117.0097427368
19,5,20,6,13,33,1,46.7217750549,-117.0092697143
19,5,20,6,24,43,1,46.7220153808,-117.0093612670
19,5,20,6,35,37,1,46.7218284606,-117.0099182128
19,5,20,6,46,30,1,46.7220153808,-117.0094833374
19,5,20,6,57,27,1,46.7218246459,-117.0094757080
19,5,20,7,8,49,1,46.7218818664,-117.0096511840
19,5,20,7,19,41,1,46.7215805053,-117.0094757080
19,5,20,7,30,33,1,46.7219314575,-117.0095214843
19,5,20,7,41,26,1,46.7219810485,-117.0096664428
19,5,20,7,52,23,1,46.7220153808,-117.0091247558
19,5,20,8,3,18,1,46.7220802307,-117.0094070434
19,5,20,8,14,10,1,46.7219963073,-117.0087966918
19,5,20,8,25,31,1,46.7217941284,-117.0094985961
19,5,20,8,36,25,0,46.7219619750,-117.0093307495
19,5,20,8,47,16,1,46.7219314575,-117.0093841552
19,5,20,8,58,7,1,46.7218437194,-117.0092315673
19,5,20,9,9,31,1,46.7218246459,-117.0095901489
19,5,20,9,20,24,1,46.7217178344,-117.0092926025
19,5,20,9,31,16,1,46.7219085693,-117.0094070434
19,5,20,9,42,9,1,46.7219467163,-117.0094833374
19,5,20,9,53,31,1,46.7217750549,-117.0093612670
19,5,20,10,4,23,1,46.7221679687,-117.0095138549
19,5,20,10,15,16,1,46.7219467163,-117.0095138549
19,5,20,10,26,13,1,46.7218742370,-117.0096511840
19,5,20,10,37,6,1,46.7218475341,-117.0093688964
19,5,20,10,47,57,1,46.7218971252,-117.0094375610
19,5,20,10,59,19,1,46.7217826843,-117.0095901489
19,5,20,11,10,21,1,46.7216835021,-117.0096664428
19,5,20,11,21,13,1,46.7222023010,-117.0091629028
19,5,20,11,32,20,1,46.7218589782,-117.0092697143
19,5,20,11,43,15,1,46.7220115661,-117.0095138549
19,5,20,11,54,8,1,46.7219009399,-117.0093460083
19,5,20,12,5,32,1,46.7219123840,-117.0095901489
19,5,20,12,16,24,1,46.7219505310,-117.0095520019
19,5,20,12,27,20,1,46.7219734191,-117.0096664428
19,5,20,12,38,23,1,46.7214775085,-117.0089645385
19,5,20,12,49,41,1,46.7218055725,-117.0095520019
19,5,20,13,0,36,1,46.7216529846,-117.0094833374
19,5,20,13,11,28,1,46.7220878601,-117.0095977783
19,5,20,13,22,21,1,46.7217903137,-117.0096511840
19,5,20,13,33,16,0,46.7219429016,-117.0096130371
19,5,20,13,44,8,0,46.7218322753,-117.0089645385
19,5,20,13,55,40,1,46.7218132019,-117.0095520019
19,5,20,14,6,31,1,46.7217102050,-117.0094070434
19,5,20,14,17,24,1,46.7218284606,-117.0094451904
19,5,20,14,28,14,1,46.7217559814,-117.0094757080
19,5,20,14,39,5,1,46.7215576171,-117.0095520019
19,5,20,14,50,24,1,46.7218627929,-117.0095901489
19,5,20,15,1,14,1,46.7218170166,-117.0096282958
19,5,20,15,12,15,1,46.7215194702,-117.0098190307
19,5,20,15,23,7,0,46.7217597961,-117.0095214843
19,5,20,15,34,13,1,46.7218704223,-117.0096511840
19,5,20,15,45,15,1,46.7219200134,-117.0098342895
19,5,20,15,56,17,1,46.7217521667,-117.0092849731
19,5,20,16,7,11,1,46.7217521667,-117.0092391967
19,5,20,16,18,11,1,46.7220611572,-117.0104751586
19,5,20,16,29,9,1,46.7229652404,-117.0088958740
19,5,20,16,40,7,1,46.7293701171,-117.0122528076
19,5,20,16,51,10,1,46.7294349670,-117.0120468139
19,5,20,17,2,36,1,46.7294502258,-117.0121612548
19,5,20,17,13,27,1,46.7294006347,-117.0121231079
19,5,20,17,24,17,0,46.7294425964,-117.0121459960
19,5,20,17,35,11,0,46.7294273376,-117.0121765136
19,5,20,17,46,4,1,46.7294692993,-117.0121841430
19,5,20,17,57,26,1,46.7294807434,-117.0121765136
19,5,20,18,8,18,1,46.7294654846,-117.0121612548
19,5,20,18,19,11,0,46.7295150756,-117.0121765136
19,5,20,18,30,1,1,46.7294654846,-117.0121459960
19,5,20,18,41,22,1,46.7295951843,-117.0121383666
19,5,20,18,52,13,1,46.7296066284,-117.0121765136
19,5,20,19,3,2,1,46.7294387817,-117.0122222900
19,5,20,19,13,56,1,46.7293319702,-117.0121002197
19,5,20,19,24,48,1,46.7294387817,-117.0121231079
19,5,20,19,36,6,1,46.7293739318,-117.0120697021
19,5,20,19,47,0,1,46.7294235229,-117.0121765136
19,5,20,19,57,54,0,46.7294998168,-117.0123519897
19,5,20,20,8,45,1,46.7293472290,-117.0120086669
19,5,20,20,19,37,1,46.7293701171,-117.0118560791
19,5,20,20,31,3,1,46.7294349670,-117.0121841430
19,5,20,20,41,53,1,46.7294654846,-117.0122528076
19,5,20,20,52,44,1,46.7294082641,-117.0121383666
19,5,20,21,3,34,1,46.7294387817,-117.0121002197
19,5,20,21,14,55,1,46.7294578552,-117.0121994018
19,5,20,21,25,49,1,46.7294464111,-117.0121841430
19,5,20,21,36,39,1,46.7294578552,-117.0121383666
19,5,20,21,47,28,1,46.7295532226,-117.0122909545
19,5,20,21,58,55,1,46.7294807434,-117.0122146606
19,5,20,22,9,46,1,46.7294807434,-117.0122222900
19,5,20,22,20,37,1,46.7294960021,-117.0121231079
19,5,20,22,32,16,1,46.7297592163,-117.0121231079
0,0,0,0,0,0,0,0,0
19,5,20,22,56,47,1,46.7296905517,-117.0115737915
19,5,20,23,8,4,1,46.7297477722,-117.0117645263
19,5,20,23,19,47,1,46.7297096252,-117.0119705200
19,5,20,23,31,12,1,46.7294044494,-117.0113143920
19,5,20,23,42,25,1,46.7295150756,-117.0124664306
19,5,20,23,53,48,1,46.7294616699,-117.0118942260
0,0,0,0,0,0,0,0,0
0,0,0,0,0,0,0,0,0
0,0,0,0,0,0,0,0,0
0,0,0,0,0,0,0,0,0
19,5,21,0,56,16,1,46.7298355102,-117.0107803344
0,0,0,0,0,0,0,0,0
0,0,0,0,0,0,0,0,0
0,0,0,0,0,0,0,0,0
19,5,21,1,46,20,1,46.7290077209,-117.0122985839
19,5,21,1,57,29,1,46.7295303344,-117.0113296508
19,5,21,2,8,40,1,46.7293586730,-117.0124435424
19,5,21,2,20,6,1,46.7297286987,-117.0135726928
19,5,21,2,31,8,1,46.7293395996,-117.0123443603
19,5,21,2,42,59,1,46.7290916442,-117.0123519897
19,5,21,2,54,7,1,46.7295417785,-117.0119323730
19,5,21,3,5,56,1,46.7296714782,-117.0123825073
19,5,21,3,17,16,1,46.7297096252,-117.0123901367
19,5,21,3,29,4,0,0.0166667008,0.2166666984
0,0,0,0,0,0,0,0,0
19,5,21,3,53,30,1,46.7293930053,-117.0121841430
19,5,21,4,4,31,1,46.7294578552,-117.0123443603
19,5,21,4,15,53,1,46.7295608520,-117.0124969482
19,5,21,4,27,21,1,46.7294769287,-117.0116271972
19,5,21,4,38,42,1,46.7294082641,-117.0118637084
19,5,21,4,51,10,1,46.7294540405,-117.0117492675
0,0,0,0,0,0,0,0,0
0,0,0,0,0,0,0,0,0
19,5,21,5,29,20,1,46.7295074462,-117.0121002197
19,5,21,5,41,19,1,46.7295112609,-117.0120468139
19,5,21,5,53,28,1,46.7295494079,-117.0119934082
19,5,21,6,4,40,1,46.7295837402,-117.0120849609
19,5,21,6,17,10,1,46.7294540405,-117.0119857788
19,5,21,6,28,49,1,46.7293739318,-117.0123291015
19,5,21,6,40,15,1,46.7294540405,-117.0127410888
19,5,21,6,52,24,1,46.7293815612,-117.0124664306
19,5,21,7,3,37,1,46.7293968200,-117.0119705200
0,0,0,0,0,0,0,0,0
19,5,21,7,27,44,1,46.7299728393,-117.0103302001
19,5,21,7,39,33,1,46.7297172546,-117.0118942260
19,5,21,7,51,3,1,46.7298355102,-117.0111389160
19,5,21,8,2,19,1,46.7298278808,-117.0103073120
19,5,21,8,14,11,1,46.7297935485,-117.0111007690
0,0,0,0,0,0,0,0,0
0,0,0,0,0,0,0,0,0
19,5,21,8,52,8,1,46.7294731140,-117.0124816894
19,5,21,9,3,27,1,46.7295608520,-117.0115890502
19,5,21,9,15,14,1,46.7291412353,-117.0132904052
0,0,0,0,0,0,0,0,0
0,0,0,0,0,0,0,0,0
0,0,0,0,0,0,0,0,0
0,0,0,0,0,0,0,0,0
19,5,21,10,18,48,1,46.7298583984,-117.0115356445
19,5,21,10,31,33,1,46.7294731140,-117.0122375488
19,5,21,10,43,15,1,46.7296142578,-117.0121383666
19,5,21,10,55,2,1,46.7297134399,-117.0112380981
0,0,0,0,0,0,0,0,0
0,0,0,0,0,0,0,0,0
19,5,21,11,31,24,1,46.7294769287,-117.0114974975
0,0,0,0,0,0,0,0,0
19,5,21,11,56,12,1,46.7294692993,-117.0127639770
19,5,21,12,7,40,1,46.7295570373,-117.0124969482
19,5,21,12,19,10,1,46.7295417785,-117.0136337280
19,5,21,12,30,48,1,46.7296943664,-117.0133666992
19,5,21,12,42,12,1,46.7296600341,-117.0124282836
19,5,21,12,53,54,1,46.7296066284,-117.0120086669
0,0,0,0,0,0,0,0,0
0,0,0,0,0,0,0,0,0
19,5,21,13,31,56,1,46.7295570373,-117.0122146606
19,5,21,13,43,5,1,46.7295989990,-117.0123519897
0,0,0,0,0,0,0,0,0
19,5,21,14,7,14,1,46.7296600341,-117.0110855102
19,5,21,14,19,12,1,46.7295799255,-117.0117874145
19,5,21,14,30,25,1,46.7294197082,-117.0127105712
19,5,21,14,42,4,1,46.7292556762,-117.0116882324
19,5,21,14,53,9,1,46.7295227050,-117.0120849609
19,5,21,15,5,9,1,46.7295150756,-117.0119400024
19,5,21,15,17,0,1,46.7294998168,-117.0123443603
19,5,21,15,28,14,1,46.7294349670,-117.0115432739
19,5,21,15,39,18,1,0.8166666984,0.4666666984
19,5,21,15,51,30,1,46.7292480468,-117.0121994018
0,0,0,0,0,0,0,0,0
19,5,21,16,15,30,1,46.7295875549,-117.0121612548
19,5,21,16,26,46,1,46.7294158935,-117.0124816894
19,5,21,16,38,12,1,46.7293739318,-117.0127258300
19,5,21,16,49,51,1,46.7296905517,-117.0114059448
19,5,21,17,1,19,1,46.7292861938,-117.0137481689
19,5,21,17,12,44,1,46.7293434143,-117.0125961303
19,5,21,17,25,13,1,46.7294769287,-117.0125350952
19,5,21,17,36,31,1,46.7299575805,-117.0103683471
19,5,21,17,48,18,1,46.7296180725,-117.0116271972
19,5,21,18,0,32,1,46.7295455932,-117.0119552612
19,5,21,18,11,58,1,46.7295036315,-117.0110702514
19,5,21,18,23,36,1,46.7297096252,-117.0118560791
19,5,21,18,34,51,1,46.7295761108,-117.0123519897
0,0,0,0,0,0,0,0,0
0,0,0,0,0,0,0,0,0
0,0,0,0,0,0,0,0,0
0,0,0,0,0,0,0,0,0
0,0,0,0,0,0,0,0,0
0,0,0,0,0,0,0,0,0
0,0,0,0,0,0,0,0,0
19,5,21,20,17,14,1,46.7294387817,-117.0123519897
0,0,0,0,0,0,0,0,0
19,5,21,20,42,25,1,46.7295227050,-117.0133895874
0,0,0,0,0,0,0,0,0
0,0,0,0,0,0,0,0,0
19,5,21,21,20,10,1,46.7293586730,-117.0113143920
19,5,21,21,31,27,1,46.7290153503,-117.0121383666
19,5,21,21,42,51,1,46.7291030883,-117.0119857788
19,5,21,21,54,16,1,46.7297477722,-117.0128173828
0,0,0,0,0,0,0,0,0
19,5,21,22,18,58,1,46.7296104431,-117.0113906860
19,5,21,22,31,12,1,46.7297210693,-117.0120849609
0,0,0,0,0,0,0,0,0
19,5,21,22,55,33,1,46.7295608520,-117.0121459960
19,5,21,23,6,49,1,46.7294807434,-117.0125427246
19,5,21,23,18,9,1,46.7295799255,-117.0122375488
0,0,0,0,0,0,0,0,0
19,5,21,23,43,42,1,46.7297248840,-117.0120239257
19,5,21,23,55,4,1,46.7293930053,-117.0123901367
19,5,22,0,6,34,1,46.7296485900,-117.0118560791
0,0,0,0,0,0,0,0,0
19,5,22,0,31,14,1,46.7296142578,-117.0122909545
19,5,22,0,42,49,1,46.7295875549,-117.0120239257
19,5,22,0,54,0,1,46.7293167114,-117.0127639770
19,5,22,1,5,37,1,46.7290039062,-117.0121765136
19,5,22,1,17,1,1,46.7292022705,-117.0121383666
19,5,22,1,28,45,1,46.7293167114,-117.0118026733
19,5,22,1,39,56,1,46.7292442321,-117.0121612548
19,5,22,1,51,5,1,46.7289886474,-117.0121383666
19,5,22,2,2,15,1,46.7300262451,-117.0117034912
19,5,22,2,13,51,1,46.7294006347,-117.0115966796
0,0,0,0,0,0,0,0,0
19,5,22,2,38,38,1,46.7294464111,-117.0123443603
19,5,22,2,49,43,1,46.7293968200,-117.0122528076
19,5,22,3,0,50,1,46.7295188903,-117.0115051269
19,5,22,3,12,49,1,46.7297363281,-117.0120315551
19,5,22,3,24,33,1,46.7294654846,-117.0113906860
0,0,0,0,0,0,0,0,0
19,5,22,3,48,46,1,46.7296180725,-117.0123138427
19,5,22,3,59,57,1,46.7295074462,-117.0114440917
0,0,0,0,0,0,0,0,0
0,0,0,0,0,0,0,0,0
0,0,0,0,0,0,0,0,0
19,5,22,4,50,51,1,46.7295608520,-117.0114974975
19,5,22,5,2,49,1,46.7295112609,-117.0127487182
19,5,22,5,14,4,1,46.7295188903,-117.0125045776
19,5,22,5,25,44,1,46.7295188903,-117.0115203857
19,5,22,5,37,3,1,46.7296638488,-117.0120697021
19,5,22,5,49,43,1,46.7296104431,-117.0117111206
19,5,22,6,0,59,1,46.7293548583,-117.0113449096
19,5,22,6,13,4,1,46.7294998168,-117.0120620727
0,0,0,0,0,0,0,0,0
19,5,22,6,36,43,1,46.7293205261,-117.0115051269
19,5,22,6,48,21,1,46.7296714782,-117.0119934082
0,0,0,0,0,0,0,0,0
0,0,0,0,0,0,0,0,0
0,0,0,0,0,0,0,0,0
19,5,22,7,38,31,1,46.7295761108,-117.0118560791
19,5,22,7,50,45,1,3.2666668891,1.2666667699
0,0,0,0,0,0,0,0,0
19,5,22,8,15,16,1,46.7294273376,-117.0126113891
19,5,22,8,27,2,1,46.7297973632,-117.0106353759
19,5,22,8,38,8,1,46.7294960021,-117.0117416381
19,5,22,8,50,40,1,46.7294883728,-117.0126571655
19,5,22,9,2,14,1,46.7295379638,-117.0125045776
0,0,0,0,0,0,0,0,0
0,0,0,0,0,0,0,0,0
0,0,0,0,0,0,0,0,0
0,0,0,0,0,0,0,0,0
19,5,22,10,5,17,1,46.7296371459,-117.0121612548
19,5,22,10,16,15,1,46.7295265197,-117.0124588012
19,5,22,10,27,53,1,46.7295761108,-117.0124816894
19,5,22,10,39,9,1,46.7299346923,-117.0120239257
19,5,22,10,50,47,1,46.7302856445,-117.0107879638
0,0,0,0,0,0,0,0,0
19,5,22,11,16,4,1,46.7293853759,-117.0121765136
0,0,0,0,0,0,0,0,0
19,5,22,11,40,20,1,1.6000000000,0.2666666984
19,5,22,11,51,58,1,46.7294387817,-117.0117492675
19,5,22,12,3,15,1,46.7294464111,-117.0120468139
19,5,22,12,15,39,1,46.7294654846,-117.0119857788
33,5,22,12,26,53,1,46.7295608520,-117.0125808715
19,5,22,12,38,39,1,46.7295684814,-117.0120697021
0,0,0,0,0,0,0,0,0
19,5,22,13,3,4,1,46.7296791076,-117.0119705200
0,0,0,0,0,0,0,0,0
0,0,0,0,0,0,0,0,0
19,5,22,13,40,3,1,46.7294197082,-117.0122222900
19,5,22,13,51,44,1,46.7292709350,-117.0129699707
19,5,22,14,2,54,1,46.7295417785,-117.0121231079
19,5,22,14,14,26,1,46.7294731140,-117.0134506225
19,5,22,14,25,41,1,46.7294654846,-117.0118179321
19,5,22,14,37,8,1,46.7293663024,-117.0121612548
19,5,22,14,49,1,1,46.7295188903,-117.0118789672
19,5,22,15,0,15,1,46.7294197082,-117.0121459960
19,5,22,15,12,2,1,46.7297477722,-117.0118942260
19,5,22,15,24,2,1,46.7293395996,-117.0121841430
19,5,22,15,35,41,1,46.7293815612,-117.0129165649
19,5,22,15,47,6,1,46.7293548583,-117.0129699707
19,5,22,15,58,51,1,46.7292518615,-117.0138015747
19,5,22,16,10,50,1,46.7296218872,-117.0126342773
19,5,22,16,22,11,1,46.7294692993,-117.0127258300
19,5,22,16,33,46,1,46.7296066284,-117.0121612548
19,5,22,16,45,13,1,46.7296295166,-117.0123138427
19,5,22,16,56,37,1,46.7296943664,-117.0116348266
19,5,22,17,8,5,1,46.7294731140,-117.0124969482
19,5,22,17,19,27,1,46.7293739318,-117.0123901367
19,5,22,17,31,0,1,46.7296218872,-117.0123291015
19,5,22,17,42,17,1,46.7294540405,-117.0117645263
19,5,22,17,53,40,1,46.7294769287,-117.0118789672
19,5,22,18,4,45,1,46.7295646667,-117.0114288330
19,5,22,18,16,12,1,46.7295188903,-117.0118637084
19,5,22,18,27,19,1,46.7295074462,-117.0122528076
0,0,0,0,0,0,0,0,0
19,5,22,18,51,9,1,46.7292556762,-117.0122528076
19,5,22,19,2,31,1,46.7296371459,-117.0123901367
19,5,22,19,13,27,1,46.7297248840,-117.0123291015
19,5,22,19,24,50,1,46.7295761108,-117.0121841430
19,5,22,19,35,46,1,46.7295455932,-117.0121078491
19,5,22,19,47,1,1,46.7295722961,-117.0121841430
19,5,22,19,57,57,1,46.7295837402,-117.0123519897
19,5,22,20,9,26,1,46.7295722961,-117.0121994018
19,5,22,20,20,22,1,46.7295608520,-117.0121612548
19,5,22,20,31,42,1,46.7295799255,-117.0121612548
19,5,22,20,42,38,1,46.7294845581,-117.0121994018
19,5,22,20,54,30,1,46.7294578552,-117.0121459960
